,name,team,opp_team,was_home,gameweek,xP
0,Granit Xhaka,Arsenal,Nottingham Forest,0,37,3.4968135
1,Granit Xhaka,Arsenal,Wolves,1,38,3.7430952
2,Mohamed Elneny,Arsenal,Nottingham Forest,0,37,2.226225
3,Mohamed Elneny,Arsenal,Wolves,1,38,2.572209
4,Rob Holding,Arsenal,Nottingham Forest,0,37,2.6988132
5,Rob Holding,Arsenal,Wolves,1,38,3.2336516
6,Thomas Partey,Arsenal,Nottingham Forest,0,37,2.3651083
7,Thomas Partey,Arsenal,Wolves,1,38,2.813796
8,Martin degaard,Arsenal,Nottingham Forest,0,37,5.240249
9,Martin degaard,Arsenal,Wolves,1,38,5.7863493
10,Kieran Tierney,Arsenal,Nottingham Forest,0,37,2.4835916
11,Kieran Tierney,Arsenal,Wolves,1,38,3.0393782
12,Ben White,Arsenal,Nottingham Forest,0,37,3.6893964
13,Ben White,Arsenal,Wolves,1,38,4.237039
14,Eddie Nketiah,Arsenal,Nottingham Forest,0,37,2.9322367
15,Eddie Nketiah,Arsenal,Wolves,1,38,3.3234348
16,Emile Smith Rowe,Arsenal,Nottingham Forest,0,37,2.246538
17,Emile Smith Rowe,Arsenal,Wolves,1,38,2.8574271
18,Bukayo Saka,Arsenal,Nottingham Forest,0,37,5.462393
19,Bukayo Saka,Arsenal,Wolves,1,38,5.444833
20,Takehiro Tomiyasu,Arsenal,Nottingham Forest,0,37,2.417433
21,Takehiro Tomiyasu,Arsenal,Wolves,1,38,2.9570165
22,Aaron Ramsdale,Arsenal,Nottingham Forest,0,37,3.7769692
23,Aaron Ramsdale,Arsenal,Wolves,1,38,4.141467
24,Gabriel Dos Santos,Arsenal,Nottingham Forest,0,37,3.9726036
25,Gabriel Dos Santos,Arsenal,Wolves,1,38,4.399397
26,Nuno Tavares,Arsenal,Nottingham Forest,0,37,2.9751568
27,Nuno Tavares,Arsenal,Wolves,1,38,3.402852
28,Martinelli,Arsenal,Nottingham Forest,0,37,4.3729787
29,Martinelli,Arsenal,Wolves,1,38,5.123941
30,Reiss Nelson,Arsenal,Nottingham Forest,0,37,2.3528888
31,Reiss Nelson,Arsenal,Wolves,1,38,2.9142299
32,William Saliba,Arsenal,Nottingham Forest,0,37,4.117129
33,William Saliba,Arsenal,Wolves,1,38,4.2548094
34,Gabriel Jesus,Arsenal,Nottingham Forest,0,37,4.7298465
35,Gabriel Jesus,Arsenal,Wolves,1,38,5.0734773
36,Leandro Trossard,Arsenal,Nottingham Forest,0,37,3.5576456
37,Leandro Trossard,Arsenal,Wolves,1,38,3.9979026
38,Oleksandr Zinchenko,Arsenal,Nottingham Forest,0,37,3.6111953
39,Oleksandr Zinchenko,Arsenal,Wolves,1,38,3.9122915
40,Ethan Nwaneri,Arsenal,Nottingham Forest,0,37,2.4232953
41,Ethan Nwaneri,Arsenal,Wolves,1,38,2.9526496
42,Jakub Kiwior,Arsenal,Nottingham Forest,0,37,2.690424
43,Jakub Kiwior,Arsenal,Wolves,1,38,3.1336813
44,Philippe Coutinho,Aston Villa,Liverpool,0,37,2.0702934
45,Philippe Coutinho,Aston Villa,Brighton,1,38,2.1299062
46,Emiliano Martinez,Aston Villa,Liverpool,0,37,2.4510913
47,Emiliano Martinez,Aston Villa,Brighton,1,38,2.4871423
48,Calum Chambers,Aston Villa,Liverpool,0,37,1.6110351
49,Calum Chambers,Aston Villa,Brighton,1,38,1.8504424
50,Lucas Digne,Aston Villa,Liverpool,0,37,1.7300354
51,Lucas Digne,Aston Villa,Brighton,1,38,1.9302578
52,Bertrand Traore,Aston Villa,Liverpool,0,37,1.9043986
53,Bertrand Traore,Aston Villa,Brighton,1,38,2.0303416
54,Robin Olsen,Aston Villa,Liverpool,0,37,2.0387876
55,Robin Olsen,Aston Villa,Brighton,1,38,2.081204
56,Morgan Sanson,Aston Villa,Liverpool,0,37,1.5915323
57,Morgan Sanson,Aston Villa,Brighton,1,38,1.8138239
58,John McGinn,Aston Villa,Liverpool,0,37,2.0400004
59,John McGinn,Aston Villa,Brighton,1,38,2.2151203
60,Kortney Hause,Aston Villa,Liverpool,0,37,1.9073037
61,Kortney Hause,Aston Villa,Brighton,1,38,2.1773763
62,Tyrone Mings,Aston Villa,Liverpool,0,37,2.5379262
63,Tyrone Mings,Aston Villa,Brighton,1,38,2.6391785
64,Ollie Watkins,Aston Villa,Liverpool,0,37,3.5000346
65,Ollie Watkins,Aston Villa,Brighton,1,38,3.8978271
66,Marvelous Nakamba,Aston Villa,Liverpool,0,37,1.6606545
67,Marvelous Nakamba,Aston Villa,Brighton,1,38,1.9258482
68,Emi Buendia,Aston Villa,Liverpool,0,37,2.8307614
69,Emi Buendia,Aston Villa,Brighton,1,38,2.9563425
70,Matty Cash,Aston Villa,Liverpool,0,37,1.9947425
71,Matty Cash,Aston Villa,Brighton,1,38,2.137561
72,Ezri Konsa,Aston Villa,Liverpool,0,37,2.3312933
73,Ezri Konsa,Aston Villa,Brighton,1,38,2.4228165
74,Leon Bailey,Aston Villa,Liverpool,0,37,2.3657322
75,Leon Bailey,Aston Villa,Brighton,1,38,2.5461206
76,Douglas Luiz,Aston Villa,Liverpool,0,37,2.2549636
77,Douglas Luiz,Aston Villa,Brighton,1,38,2.5259063
78,Jacob Ramsey,Aston Villa,Liverpool,0,37,2.667853
79,Jacob Ramsey,Aston Villa,Brighton,1,38,2.8200614
80,Tim Iroegbunam,Aston Villa,Liverpool,0,37,1.5892853
81,Tim Iroegbunam,Aston Villa,Brighton,1,38,1.773731
82,Anwar El Ghazi,Aston Villa,Liverpool,0,37,1.7419938
83,Anwar El Ghazi,Aston Villa,Brighton,1,38,2.181201
84,Keinan Davis,Aston Villa,Liverpool,0,37,1.6285576
85,Keinan Davis,Aston Villa,Brighton,1,38,1.8372333
86,Boubacar Kamara,Aston Villa,Liverpool,0,37,1.7600985
87,Boubacar Kamara,Aston Villa,Brighton,1,38,1.8748932
88,Cameron Archer,Aston Villa,Liverpool,0,37,1.7335961
89,Cameron Archer,Aston Villa,Brighton,1,38,1.8547099
90,Leander Dendoncker,Aston Villa,Liverpool,0,37,1.8419592
91,Leander Dendoncker,Aston Villa,Brighton,1,38,2.051792
92,Ludwig Augustinsson,Aston Villa,Liverpool,0,37,1.6541929
93,Ludwig Augustinsson,Aston Villa,Brighton,1,38,6.500135
94,Ashley Young,Aston Villa,Liverpool,0,37,2.0354083
95,Ashley Young,Aston Villa,Brighton,1,38,2.201783
96,Jhon Duran,Aston Villa,Liverpool,0,37,1.7022984
97,Jhon Duran,Aston Villa,Brighton,1,38,1.8997997
98,Adam Smith,Bournemouth,Manchester Utd,1,37,2.029662
99,Adam Smith,Bournemouth,Everton,0,38,2.5938268
100,Junior Stanislas,Bournemouth,Manchester Utd,1,37,1.8620868
101,Junior Stanislas,Bournemouth,Everton,0,38,6.4174094
102,Ryan Fredericks,Bournemouth,Manchester Utd,1,37,1.8764343
103,Ryan Fredericks,Bournemouth,Everton,0,38,2.460947
104,David Brooks,Bournemouth,Manchester Utd,1,37,1.8949877
105,David Brooks,Bournemouth,Everton,0,38,2.7356665
106,Jamal Lowe,Bournemouth,Manchester Utd,1,37,1.8458116
107,Jamal Lowe,Bournemouth,Everton,0,38,5.506279
108,Kieffer Moore,Bournemouth,Manchester Utd,1,37,2.0338163
109,Kieffer Moore,Bournemouth,Everton,0,38,2.485634
110,Emiliano Marcondes,Bournemouth,Manchester Utd,1,37,1.8458116
111,Emiliano Marcondes,Bournemouth,Everton,0,38,5.506279
112,Jefferson Lerma,Bournemouth,Manchester Utd,1,37,2.5885322
113,Jefferson Lerma,Bournemouth,Everton,0,38,2.7788029
114,Jack Stacey,Bournemouth,Manchester Utd,1,37,1.8570415
115,Jack Stacey,Bournemouth,Everton,0,38,2.4951801
116,Dominic Solanke,Bournemouth,Manchester Utd,1,37,3.5400224
117,Dominic Solanke,Bournemouth,Everton,0,38,3.9528465
118,Lewis Cook,Bournemouth,Manchester Utd,1,37,1.9414524
119,Lewis Cook,Bournemouth,Everton,0,38,2.4653513
120,Ben Pearson,Bournemouth,Manchester Utd,1,37,1.8430134
121,Ben Pearson,Bournemouth,Everton,0,38,2.351529
122,Ryan Christie,Bournemouth,Manchester Utd,1,37,2.806323
123,Ryan Christie,Bournemouth,Everton,0,38,2.9047346
124,Philip Billing,Bournemouth,Manchester Utd,1,37,2.8385315
125,Philip Billing,Bournemouth,Everton,0,38,3.1268022
126,Chris Mepham,Bournemouth,Manchester Utd,1,37,2.3433287
127,Chris Mepham,Bournemouth,Everton,0,38,2.766982
128,Mark Travers,Bournemouth,Manchester Utd,1,37,2.2803643
129,Mark Travers,Bournemouth,Everton,0,38,3.0071096
130,Lloyd Kelly,Bournemouth,Manchester Utd,1,37,2.3433287
131,Lloyd Kelly,Bournemouth,Everton,0,38,2.7989566
132,Siriki Dembele,Bournemouth,Manchester Utd,1,37,1.9889176
133,Siriki Dembele,Bournemouth,Everton,0,38,2.491231
134,Jaidon Anthony,Bournemouth,Manchester Utd,1,37,1.9582925
135,Jaidon Anthony,Bournemouth,Everton,0,38,2.5215464
136,Jordan Zemura,Bournemouth,Manchester Utd,1,37,2.36268
137,Jordan Zemura,Bournemouth,Everton,0,38,2.7943351
138,Jack Stephens,Bournemouth,Manchester Utd,1,37,2.240997
139,Jack Stephens,Bournemouth,Everton,0,38,2.6419222
140,Joe Rothwell,Bournemouth,Manchester Utd,1,37,2.1884365
141,Joe Rothwell,Bournemouth,Everton,0,38,2.5128772
142,Marcus Tavernier,Bournemouth,Manchester Utd,1,37,3.2083852
143,Marcus Tavernier,Bournemouth,Everton,0,38,3.5756505
144,Darren Randolph,Bournemouth,Manchester Utd,1,37,2.8113382
145,Darren Randolph,Bournemouth,Everton,0,38,3.1524565
146,Marcos Senesi,Bournemouth,Manchester Utd,1,37,2.240997
147,Marcos Senesi,Bournemouth,Everton,0,38,2.6647294
148,Owen Bevan,Bournemouth,Manchester Utd,1,37,1.8620868
149,Owen Bevan,Bournemouth,Everton,0,38,2.3653376
150,Dango Ouattara,Bournemouth,Manchester Utd,1,37,3.0757675
151,Dango Ouattara,Bournemouth,Everton,0,38,5.9466257
152,Antoine Semenyo,Bournemouth,Manchester Utd,1,37,1.864363
153,Antoine Semenyo,Bournemouth,Everton,0,38,2.8109796
154,Matias Vina,Bournemouth,Manchester Utd,1,37,2.466544
155,Matias Vina,Bournemouth,Everton,0,38,3.2633774
156,Illia Zabarnyi,Bournemouth,Manchester Utd,1,37,2.1000738
157,Illia Zabarnyi,Bournemouth,Everton,0,38,2.825186
158,Pontus Jansson,Brentford,Tottenham,0,37,2.2903974
159,Pontus Jansson,Brentford,Manchester City,1,38,2.0257204
160,Christian Nrgaard,Brentford,Tottenham,0,37,2.1978455
161,Christian Nrgaard,Brentford,Manchester City,1,38,1.9633418
162,Ivan Toney,Brentford,Tottenham,0,37,4.4898624
163,Ivan Toney,Brentford,Manchester City,1,38,3.7913573
164,David Raya,Brentford,Tottenham,0,37,3.2314959
165,David Raya,Brentford,Manchester City,1,38,2.4347982
166,Josh Dasilva,Brentford,Tottenham,0,37,2.0577521
167,Josh Dasilva,Brentford,Manchester City,1,38,1.8454788
168,Kristoffer Ajer,Brentford,Tottenham,0,37,2.6345654
169,Kristoffer Ajer,Brentford,Manchester City,1,38,2.2303374
170,Rico Henry,Brentford,Tottenham,0,37,2.5657988
171,Rico Henry,Brentford,Manchester City,1,38,2.2421997
172,Vitaly Janelt,Brentford,Tottenham,0,37,2.154019
173,Vitaly Janelt,Brentford,Manchester City,1,38,2.0400589
174,Saman Ghoddos,Brentford,Tottenham,0,37,1.8076333
175,Saman Ghoddos,Brentford,Manchester City,1,38,1.6904397
176,Mathias Jensen,Brentford,Tottenham,0,37,2.5683055
177,Mathias Jensen,Brentford,Manchester City,1,38,2.4036477
178,Yoane Wissa,Brentford,Tottenham,0,37,2.2383654
179,Yoane Wissa,Brentford,Manchester City,1,38,1.9574375
180,Mads Bech Srensen,Brentford,Tottenham,0,37,1.7887685
181,Mads Bech Srensen,Brentford,Manchester City,1,38,6.3470006
182,Ethan Pinnock,Brentford,Tottenham,0,37,2.8120875
183,Ethan Pinnock,Brentford,Manchester City,1,38,2.2318826
184,Frank Onyeka,Brentford,Tottenham,0,37,1.9774247
185,Frank Onyeka,Brentford,Manchester City,1,38,4.921756
186,Shandon Baptiste,Brentford,Tottenham,0,37,1.8507129
187,Shandon Baptiste,Brentford,Manchester City,1,38,1.7551235
188,Bryan Mbeumo,Brentford,Tottenham,0,37,3.6344278
189,Bryan Mbeumo,Brentford,Manchester City,1,38,3.1250248
190,Charlie Goode,Brentford,Tottenham,0,37,2.229549
191,Charlie Goode,Brentford,Manchester City,1,38,2.0977652
192,Marcus Forss,Brentford,Tottenham,0,37,1.8306304
193,Marcus Forss,Brentford,Manchester City,1,38,1.7070976
194,Dominic Thompson,Brentford,Tottenham,0,37,2.652216
195,Dominic Thompson,Brentford,Manchester City,1,38,2.1301394
196,Mads Bidstrup,Brentford,Tottenham,0,37,1.8183416
197,Mads Bidstrup,Brentford,Manchester City,1,38,1.6791179
198,Aaron Hickey,Brentford,Tottenham,0,37,2.327299
199,Aaron Hickey,Brentford,Manchester City,1,38,2.1031852
200,Keane Lewis-Potter,Brentford,Tottenham,0,37,1.8317888
201,Keane Lewis-Potter,Brentford,Manchester City,1,38,6.3829775
202,Ben Mee,Brentford,Tottenham,0,37,2.9033878
203,Ben Mee,Brentford,Manchester City,1,38,2.5522423
204,Halil Dervisoglu,Brentford,Tottenham,0,37,1.8133373
205,Halil Dervisoglu,Brentford,Manchester City,1,38,1.8962573
206,Mikkel Damsgaard,Brentford,Tottenham,0,37,2.2165382
207,Mikkel Damsgaard,Brentford,Manchester City,1,38,2.0125227
208,Kevin Schade,Brentford,Tottenham,0,37,2.35666
209,Kevin Schade,Brentford,Manchester City,1,38,1.9770411
210,Adam Lallana,Brighton,Southampton,1,37,3.02942
211,Adam Lallana,Brighton,Manchester City,1,37,2.212495
212,Adam Lallana,Brighton,Aston Villa,0,38,2.5446932
213,Jason Steele,Brighton,Southampton,1,37,4.0373573
214,Jason Steele,Brighton,Manchester City,1,37,2.3702638
215,Jason Steele,Brighton,Aston Villa,0,38,3.1940317
216,Danny Welbeck,Brighton,Southampton,1,37,3.8760648
217,Danny Welbeck,Brighton,Manchester City,1,37,2.62031
218,Danny Welbeck,Brighton,Aston Villa,0,38,3.2381217
219,Pascal Gro,Brighton,Southampton,1,37,4.6670747
220,Pascal Gro,Brighton,Manchester City,1,37,3.1699576
221,Pascal Gro,Brighton,Aston Villa,0,38,3.5282795
222,Lewis Dunk,Brighton,Southampton,1,37,4.0133524
223,Lewis Dunk,Brighton,Manchester City,1,37,2.5367303
224,Lewis Dunk,Brighton,Aston Villa,0,38,3.2401228
225,Solly March,Brighton,Southampton,1,37,5.999585
226,Solly March,Brighton,Manchester City,1,37,4.0352054
227,Solly March,Brighton,Aston Villa,0,38,4.9661655
228,Adam Webster,Brighton,Southampton,1,37,3.5719519
229,Adam Webster,Brighton,Manchester City,1,37,2.2081957
230,Adam Webster,Brighton,Aston Villa,0,38,2.7692666
231,Joel Veltman,Brighton,Southampton,1,37,3.9673762
232,Joel Veltman,Brighton,Manchester City,1,37,2.327408
233,Joel Veltman,Brighton,Aston Villa,0,38,2.733619
234,Robert Sanchez,Brighton,Southampton,1,37,4.0525618
235,Robert Sanchez,Brighton,Manchester City,1,37,2.3637853
236,Robert Sanchez,Brighton,Aston Villa,0,38,3.1656535
237,Tariq Lamptey,Brighton,Southampton,1,37,2.729647
238,Tariq Lamptey,Brighton,Manchester City,1,37,1.8235506
239,Tariq Lamptey,Brighton,Aston Villa,0,38,2.3495789
240,Steven Alzate,Brighton,Southampton,1,37,2.6244159
241,Steven Alzate,Brighton,Manchester City,1,37,1.8537917
242,Steven Alzate,Brighton,Aston Villa,0,38,2.2562466
243,Alexis Mac Allister,Brighton,Southampton,1,37,5.3120666
244,Alexis Mac Allister,Brighton,Manchester City,1,37,3.984139
245,Alexis Mac Allister,Brighton,Aston Villa,0,38,3.9118934
246,Jakub Moder,Brighton,Southampton,1,37,2.8031435
247,Jakub Moder,Brighton,Manchester City,1,37,2.032519
248,Jakub Moder,Brighton,Aston Villa,0,38,2.2962005
249,Enock Mwepu,Brighton,Southampton,1,37,2.93479
250,Enock Mwepu,Brighton,Manchester City,1,37,2.1543446
251,Enock Mwepu,Brighton,Aston Villa,0,38,2.494432
252,Moises Caicedo,Brighton,Southampton,1,37,3.1858609
253,Moises Caicedo,Brighton,Manchester City,1,37,2.5432522
254,Moises Caicedo,Brighton,Aston Villa,0,38,2.6519547
255,Taylor Richards,Brighton,Southampton,1,37,2.594819
256,Taylor Richards,Brighton,Manchester City,1,37,1.8046249
257,Taylor Richards,Brighton,Aston Villa,0,38,2.1723747
258,Deniz Undav,Brighton,Southampton,1,37,2.7149107
259,Deniz Undav,Brighton,Manchester City,1,37,1.8454676
260,Deniz Undav,Brighton,Aston Villa,0,38,2.36341
261,Kaoru Mitoma,Brighton,Southampton,1,37,4.9186645
262,Kaoru Mitoma,Brighton,Manchester City,1,37,3.3112924
263,Kaoru Mitoma,Brighton,Aston Villa,0,38,4.117504
264,Billy Gilmour,Brighton,Southampton,1,37,2.6244159
265,Billy Gilmour,Brighton,Manchester City,1,37,1.9428796
266,Billy Gilmour,Brighton,Aston Villa,0,38,2.231309
267,Jan Paul van Hecke,Brighton,Southampton,1,37,3.161067
268,Jan Paul van Hecke,Brighton,Manchester City,1,37,1.946018
269,Jan Paul van Hecke,Brighton,Aston Villa,0,38,2.6754088
270,Levi Colwill,Brighton,Southampton,1,37,3.3241363
271,Levi Colwill,Brighton,Manchester City,1,37,2.1425767
272,Levi Colwill,Brighton,Aston Villa,0,38,2.7683105
273,Pervis Estupinan,Brighton,Southampton,1,37,4.081532
274,Pervis Estupinan,Brighton,Manchester City,1,37,2.4720461
275,Pervis Estupinan,Brighton,Aston Villa,0,38,2.9634805
276,Evan Ferguson,Brighton,Southampton,1,37,3.5421548
277,Evan Ferguson,Brighton,Manchester City,1,37,2.4006839
278,Evan Ferguson,Brighton,Aston Villa,0,38,2.8885007
279,Andrew Moran,Brighton,Southampton,1,37,2.6975257
280,Andrew Moran,Brighton,Manchester City,1,37,1.8801914
281,Andrew Moran,Brighton,Aston Villa,0,38,2.2344785
282,Facundo Buonanotte,Brighton,Southampton,1,37,3.2998133
283,Facundo Buonanotte,Brighton,Manchester City,1,37,2.1065722
284,Facundo Buonanotte,Brighton,Aston Villa,0,38,2.5741866
285,Odeluga Offiah,Brighton,Southampton,1,37,2.5811553
286,Odeluga Offiah,Brighton,Manchester City,1,37,1.771416
287,Odeluga Offiah,Brighton,Aston Villa,0,38,2.2534075
288,Carney Chukwuemeka,Chelsea,Manchester City,0,37,1.5246643
289,Carney Chukwuemeka,Chelsea,Manchester Utd,0,37,1.7887685
290,Carney Chukwuemeka,Chelsea,Newcastle Utd,1,38,1.8426601
291,Marc Cucurella,Chelsea,Manchester City,0,37,1.758991
292,Marc Cucurella,Chelsea,Manchester Utd,0,37,2.280857
293,Marc Cucurella,Chelsea,Newcastle Utd,1,38,2.4389222
294,Cesar Azpilicueta,Chelsea,Manchester City,0,37,1.4613831
295,Cesar Azpilicueta,Chelsea,Manchester Utd,0,37,1.8601378
296,Cesar Azpilicueta,Chelsea,Newcastle Utd,1,38,1.9795935
297,Thiago Silva,Chelsea,Manchester City,0,37,2.1055117
298,Thiago Silva,Chelsea,Manchester Utd,0,37,2.7371297
299,Thiago Silva,Chelsea,Newcastle Utd,1,38,2.571863
300,Marcos Alonso,Chelsea,Manchester City,0,37,2.8074172
301,Marcos Alonso,Chelsea,Manchester Utd,0,37,4.024356
302,Marcos Alonso,Chelsea,Newcastle Utd,1,38,3.7693758
303,Ross Barkley,Chelsea,Manchester City,0,37,1.9731005
304,Ross Barkley,Chelsea,Manchester Utd,0,37,2.221716
305,Ross Barkley,Chelsea,Newcastle Utd,1,38,2.1770904
306,Mateo Kovacic,Chelsea,Manchester City,0,37,1.8656046
307,Mateo Kovacic,Chelsea,Manchester Utd,0,37,2.0901337
308,Mateo Kovacic,Chelsea,Newcastle Utd,1,38,2.0612457
309,Kepa Arrizabalaga,Chelsea,Manchester City,0,37,2.3005297
310,Kepa Arrizabalaga,Chelsea,Manchester Utd,0,37,3.2445173
311,Kepa Arrizabalaga,Chelsea,Newcastle Utd,1,38,2.9271052
312,N'Golo Kante,Chelsea,Manchester City,0,37,2.2097123
313,N'Golo Kante,Chelsea,Manchester Utd,0,37,2.6508467
314,N'Golo Kante,Chelsea,Newcastle Utd,1,38,2.6439145
315,Hakim Ziyech,Chelsea,Manchester City,0,37,1.8814209
316,Hakim Ziyech,Chelsea,Manchester Utd,0,37,2.083054
317,Hakim Ziyech,Chelsea,Newcastle Utd,1,38,2.0990076
318,Ruben Loftus-Cheek,Chelsea,Manchester City,0,37,1.5417358
319,Ruben Loftus-Cheek,Chelsea,Manchester Utd,0,37,1.8438627
320,Ruben Loftus-Cheek,Chelsea,Newcastle Utd,1,38,1.9297513
321,Timo Werner,Chelsea,Manchester City,0,37,2.8222446
322,Timo Werner,Chelsea,Manchester Utd,0,37,3.577706
323,Timo Werner,Chelsea,Newcastle Utd,1,38,3.4732575
324,Ben Chilwell,Chelsea,Manchester City,0,37,2.1823246
325,Ben Chilwell,Chelsea,Manchester Utd,0,37,2.8400242
326,Ben Chilwell,Chelsea,Newcastle Utd,1,38,2.9513214
327,Christian Pulisic,Chelsea,Manchester City,0,37,1.8397869
328,Christian Pulisic,Chelsea,Manchester Utd,0,37,2.0972424
329,Christian Pulisic,Chelsea,Newcastle Utd,1,38,2.0804548
330,Trevoh Chalobah,Chelsea,Manchester City,0,37,1.7607218
331,Trevoh Chalobah,Chelsea,Manchester Utd,0,37,2.1902106
332,Trevoh Chalobah,Chelsea,Newcastle Utd,1,38,2.1624072
333,Mason Mount,Chelsea,Manchester City,0,37,2.237611
334,Mason Mount,Chelsea,Manchester Utd,0,37,2.759201
335,Mason Mount,Chelsea,Newcastle Utd,1,38,2.7804759
336,Malang Sarr,Chelsea,Manchester City,0,37,1.8432187
337,Malang Sarr,Chelsea,Manchester Utd,0,37,2.361908
338,Malang Sarr,Chelsea,Newcastle Utd,1,38,2.3411639
339,Callum Hudson-Odoi,Chelsea,Manchester City,0,37,2.3268473
340,Callum Hudson-Odoi,Chelsea,Manchester Utd,0,37,2.7712772
341,Callum Hudson-Odoi,Chelsea,Newcastle Utd,1,38,2.834951
342,Kai Havertz,Chelsea,Manchester City,0,37,2.5604236
343,Kai Havertz,Chelsea,Manchester Utd,0,37,3.2845106
344,Kai Havertz,Chelsea,Newcastle Utd,1,38,3.3544385
345,Reece James,Chelsea,Manchester City,0,37,2.3957539
346,Reece James,Chelsea,Manchester Utd,0,37,3.068018
347,Reece James,Chelsea,Newcastle Utd,1,38,3.0837429
348,Edouard Mendy,Chelsea,Manchester City,0,37,2.0394945
349,Edouard Mendy,Chelsea,Manchester Utd,0,37,2.6895432
350,Edouard Mendy,Chelsea,Newcastle Utd,1,38,2.374944
351,Conor Gallagher,Chelsea,Manchester City,0,37,1.85975
352,Conor Gallagher,Chelsea,Manchester Utd,0,37,2.1826863
353,Conor Gallagher,Chelsea,Newcastle Utd,1,38,2.178814
354,Armando Broja,Chelsea,Manchester City,0,37,1.6308042
355,Armando Broja,Chelsea,Manchester Utd,0,37,1.9350331
356,Armando Broja,Chelsea,Newcastle Utd,1,38,1.9706826
357,Ethan Ampadu,Chelsea,Manchester City,0,37,1.4606493
358,Ethan Ampadu,Chelsea,Manchester Utd,0,37,1.888835
359,Ethan Ampadu,Chelsea,Newcastle Utd,1,38,1.9294907
360,Wesley Fofana,Chelsea,Manchester City,0,37,1.8230395
361,Wesley Fofana,Chelsea,Manchester Utd,0,37,2.3449051
362,Wesley Fofana,Chelsea,Newcastle Utd,1,38,2.3474696
363,Raheem Sterling,Chelsea,Manchester City,0,37,3.124027
364,Raheem Sterling,Chelsea,Manchester Utd,0,37,4.0446014
365,Raheem Sterling,Chelsea,Newcastle Utd,1,38,3.9080548
366,Kalidou Koulibaly,Chelsea,Manchester City,0,37,1.791671
367,Kalidou Koulibaly,Chelsea,Manchester Utd,0,37,2.22116
368,Kalidou Koulibaly,Chelsea,Newcastle Utd,1,38,2.2916534
369,Denis Zakaria,Chelsea,Manchester City,0,37,1.7789196
370,Denis Zakaria,Chelsea,Manchester Utd,0,37,2.0267487
371,Denis Zakaria,Chelsea,Newcastle Utd,1,38,5.7224526
372,Pierre-Emerick Aubameyang,Chelsea,Manchester City,0,37,1.8981091
373,Pierre-Emerick Aubameyang,Chelsea,Manchester Utd,0,37,2.2038686
374,Pierre-Emerick Aubameyang,Chelsea,Newcastle Utd,1,38,2.4164228
375,Marcus Bettinelli,Chelsea,Manchester City,0,37,1.9236779
376,Marcus Bettinelli,Chelsea,Manchester Utd,0,37,2.3510184
377,Marcus Bettinelli,Chelsea,Newcastle Utd,1,38,2.2036505
378,Lewis Hall,Chelsea,Manchester City,0,37,2.030056
379,Lewis Hall,Chelsea,Manchester Utd,0,37,2.321511
380,Lewis Hall,Chelsea,Newcastle Utd,1,38,2.159354
381,Benoit Badiashile,Chelsea,Manchester City,0,37,2.1508255
382,Benoit Badiashile,Chelsea,Manchester Utd,0,37,2.7968886
383,Benoit Badiashile,Chelsea,Newcastle Utd,1,38,2.821952
384,Joao Felix,Chelsea,Manchester City,0,37,2.4316747
385,Joao Felix,Chelsea,Manchester Utd,0,37,2.909685
386,Joao Felix,Chelsea,Newcastle Utd,1,38,2.5237577
387,Mykhailo Mudryk,Chelsea,Manchester City,0,37,1.7958685
388,Mykhailo Mudryk,Chelsea,Manchester Utd,0,37,2.1142704
389,Mykhailo Mudryk,Chelsea,Newcastle Utd,1,38,2.1577883
390,Noni Madueke,Chelsea,Manchester City,0,37,2.280163
391,Noni Madueke,Chelsea,Manchester Utd,0,37,2.5844169
392,Noni Madueke,Chelsea,Newcastle Utd,1,38,2.6344938
393,Enzo Fernandez,Chelsea,Manchester City,0,37,2.097855
394,Enzo Fernandez,Chelsea,Manchester Utd,0,37,2.447355
395,Enzo Fernandez,Chelsea,Newcastle Utd,1,38,2.4076917
396,Albert Sambi Lokonga,Crystal Palace,Fulham,0,37,2.199864
397,Albert Sambi Lokonga,Crystal Palace,Nottingham Forest,1,38,2.485911
398,Vicente Guaita,Crystal Palace,Fulham,0,37,3.5900645
399,Vicente Guaita,Crystal Palace,Nottingham Forest,1,38,3.8056116
400,James Tomkins,Crystal Palace,Fulham,0,37,2.357545
401,James Tomkins,Crystal Palace,Nottingham Forest,1,38,2.7022784
402,James McArthur,Crystal Palace,Fulham,0,37,2.156321
403,James McArthur,Crystal Palace,Nottingham Forest,1,38,2.4999568
404,Christian Benteke,Crystal Palace,Fulham,0,37,2.2888272
405,Christian Benteke,Crystal Palace,Nottingham Forest,1,38,3.1491513
406,Joel Ward,Crystal Palace,Fulham,0,37,3.0019677
407,Joel Ward,Crystal Palace,Nottingham Forest,1,38,3.291373
408,Nathaniel Clyne,Crystal Palace,Fulham,0,37,2.5120454
409,Nathaniel Clyne,Crystal Palace,Nottingham Forest,1,38,2.8349981
410,Luka Milivojevic,Crystal Palace,Fulham,0,37,2.136749
411,Luka Milivojevic,Crystal Palace,Nottingham Forest,1,38,2.5170631
412,Jordan Ayew,Crystal Palace,Fulham,0,37,3.2473962
413,Jordan Ayew,Crystal Palace,Nottingham Forest,1,38,3.5071657
414,Wilfried Zaha,Crystal Palace,Fulham,0,37,4.407244
415,Wilfried Zaha,Crystal Palace,Nottingham Forest,1,38,4.556707
416,Jeffrey Schlupp,Crystal Palace,Fulham,0,37,2.9127712
417,Jeffrey Schlupp,Crystal Palace,Nottingham Forest,1,38,2.9972365
418,Will Hughes,Crystal Palace,Fulham,0,37,2.3725858
419,Will Hughes,Crystal Palace,Nottingham Forest,1,38,2.637688
420,Jairo Riedewald,Crystal Palace,Fulham,0,37,2.1861382
421,Jairo Riedewald,Crystal Palace,Nottingham Forest,1,38,2.5146067
422,Joachim Andersen,Crystal Palace,Fulham,0,37,3.4033022
423,Joachim Andersen,Crystal Palace,Nottingham Forest,1,38,3.5058355
424,Odsonne Edouard,Crystal Palace,Fulham,0,37,2.2672584
425,Odsonne Edouard,Crystal Palace,Nottingham Forest,1,38,2.6842043
426,Marc Guehi,Crystal Palace,Fulham,0,37,3.6442351
427,Marc Guehi,Crystal Palace,Nottingham Forest,1,38,3.6263437
428,Jean-Philippe Mateta,Crystal Palace,Fulham,0,37,2.2431765
429,Jean-Philippe Mateta,Crystal Palace,Nottingham Forest,1,38,2.6842043
430,Eberechi Eze,Crystal Palace,Fulham,0,37,3.946146
431,Eberechi Eze,Crystal Palace,Nottingham Forest,1,38,4.075034
432,Tyrick Mitchell,Crystal Palace,Fulham,0,37,3.375803
433,Tyrick Mitchell,Crystal Palace,Nottingham Forest,1,38,3.5003865
434,Michael Olise,Crystal Palace,Fulham,0,37,3.887987
435,Michael Olise,Crystal Palace,Nottingham Forest,1,38,4.168389
436,Malcolm Ebiowei,Crystal Palace,Fulham,0,37,2.1861382
437,Malcolm Ebiowei,Crystal Palace,Nottingham Forest,1,38,2.5318458
438,Nathan Ferguson,Crystal Palace,Fulham,0,37,2.2579932
439,Nathan Ferguson,Crystal Palace,Nottingham Forest,1,38,2.5520413
440,Sam Johnstone,Crystal Palace,Fulham,0,37,3.8497672
441,Sam Johnstone,Crystal Palace,Nottingham Forest,1,38,3.9098415
442,Cheick Doucoure,Crystal Palace,Fulham,0,37,2.5019948
443,Cheick Doucoure,Crystal Palace,Nottingham Forest,1,38,2.8578503
444,Chris Richards,Crystal Palace,Fulham,0,37,2.4480762
445,Chris Richards,Crystal Palace,Nottingham Forest,1,38,2.733232
446,Joseph Whitworth,Crystal Palace,Fulham,0,37,2.5120454
447,Joseph Whitworth,Crystal Palace,Nottingham Forest,1,38,3.2843902
448,David Ozoh,Crystal Palace,Fulham,0,37,2.2008533
449,David Ozoh,Crystal Palace,Nottingham Forest,1,38,2.924569
450,Naouirou Ahamada,Crystal Palace,Fulham,0,37,2.167141
451,Naouirou Ahamada,Crystal Palace,Nottingham Forest,1,38,2.7571816
452,Neal Maupay,Everton,Wolves,0,37,2.510614
453,Neal Maupay,Everton,Bournemouth,1,38,2.7921858
454,Asmir Begovic,Everton,Wolves,0,37,3.313992
455,Asmir Begovic,Everton,Bournemouth,1,38,3.068688
456,Salomon Rondon,Everton,Wolves,0,37,2.3720486
457,Salomon Rondon,Everton,Bournemouth,1,38,2.6473951
458,Seamus Coleman,Everton,Wolves,0,37,2.6959982
459,Seamus Coleman,Everton,Bournemouth,1,38,2.9585936
460,Andros Townsend,Everton,Wolves,0,37,2.5514789
461,Andros Townsend,Everton,Bournemouth,1,38,2.8210201
462,Michael Keane,Everton,Wolves,0,37,3.0815697
463,Michael Keane,Everton,Bournemouth,1,38,3.3175106
464,Dele Alli,Everton,Wolves,0,37,2.3500736
465,Dele Alli,Everton,Bournemouth,1,38,2.5789852
466,Jordan Pickford,Everton,Wolves,0,37,3.6689422
467,Jordan Pickford,Everton,Bournemouth,1,38,3.614237
468,Abdoulaye Doucoure,Everton,Wolves,0,37,3.186717
469,Abdoulaye Doucoure,Everton,Bournemouth,1,38,3.1535966
470,Alex Iwobi,Everton,Wolves,0,37,3.4176645
471,Alex Iwobi,Everton,Bournemouth,1,38,3.5345683
472,Jean-Philippe Gbamin,Everton,Wolves,0,37,2.2181141
473,Jean-Philippe Gbamin,Everton,Bournemouth,1,38,2.5182967
474,Yerry Mina,Everton,Wolves,0,37,3.0791297
475,Yerry Mina,Everton,Bournemouth,1,38,2.9934561
476,Demarai Gray,Everton,Wolves,0,37,3.338497
477,Demarai Gray,Everton,Bournemouth,1,38,3.3796828
478,Tom Davies,Everton,Wolves,0,37,2.2630863
479,Tom Davies,Everton,Bournemouth,1,38,2.5609431
480,Dominic Calvert-Lewin,Everton,Wolves,0,37,3.9044182
481,Dominic Calvert-Lewin,Everton,Bournemouth,1,38,4.027991
482,Mason Holgate,Everton,Wolves,0,37,2.8607538
483,Mason Holgate,Everton,Bournemouth,1,38,2.9558225
484,Ben Godfrey,Everton,Wolves,0,37,2.588954
485,Ben Godfrey,Everton,Bournemouth,1,38,2.8660538
486,Vitaliy Mykolenko,Everton,Wolves,0,37,2.660809
487,Vitaliy Mykolenko,Everton,Bournemouth,1,38,2.9254515
488,Jarrad Branthwaite,Everton,Wolves,0,37,2.6959982
489,Jarrad Branthwaite,Everton,Bournemouth,1,38,2.8939235
490,Nathan Patterson,Everton,Wolves,0,37,2.570089
491,Nathan Patterson,Everton,Bournemouth,1,38,2.8803866
492,Niels Nkounkou,Everton,Wolves,0,37,2.4425013
493,Niels Nkounkou,Everton,Bournemouth,1,38,2.748033
494,James Tarkowski,Everton,Wolves,0,37,3.4265876
495,James Tarkowski,Everton,Bournemouth,1,38,3.4261851
496,Conor Coady,Everton,Wolves,0,37,2.7164717
497,Conor Coady,Everton,Bournemouth,1,38,3.0853443
498,Ruben Vinagre,Everton,Wolves,0,37,2.4148386
499,Ruben Vinagre,Everton,Bournemouth,1,38,2.6219878
500,Dwight McNeil,Everton,Wolves,0,37,4.101
501,Dwight McNeil,Everton,Bournemouth,1,38,3.6825151
502,James Garner,Everton,Wolves,0,37,2.5952632
503,James Garner,Everton,Bournemouth,1,38,2.8978093
504,Amadou Onana,Everton,Wolves,0,37,2.460142
505,Amadou Onana,Everton,Bournemouth,1,38,2.6512525
506,Idrissa Gana Gueye,Everton,Wolves,0,37,2.3229015
507,Idrissa Gana Gueye,Everton,Bournemouth,1,38,2.7895677
508,Thomas Cannon,Everton,Wolves,0,37,2.4224436
509,Thomas Cannon,Everton,Bournemouth,1,38,3.1076355
510,Isaac Price,Everton,Wolves,0,37,2.1992493
511,Isaac Price,Everton,Bournemouth,1,38,2.5309768
512,Ellis Simms,Everton,Wolves,0,37,2.3909135
513,Ellis Simms,Everton,Bournemouth,1,38,2.6646342
514,Bernd Leno,Fulham,Crystal Palace,1,37,3.8579264
515,Bernd Leno,Fulham,Manchester Utd,0,38,2.7412095
516,Shane Duffy,Fulham,Crystal Palace,1,37,2.3272367
517,Shane Duffy,Fulham,Manchester Utd,0,38,1.8610022
518,Tom Cairney,Fulham,Crystal Palace,1,37,2.7019806
519,Tom Cairney,Fulham,Manchester Utd,0,38,2.155246
520,Tim Ream,Fulham,Crystal Palace,1,37,3.0197513
521,Tim Ream,Fulham,Manchester Utd,0,38,2.1450477
522,Anthony Knockaert,Fulham,Crystal Palace,1,37,2.8313856
523,Anthony Knockaert,Fulham,Manchester Utd,0,38,2.271819
524,Nathaniel Chalobah,Fulham,Crystal Palace,1,37,2.1654806
525,Nathaniel Chalobah,Fulham,Manchester Utd,0,38,1.8039063
526,Neeskens Kebano,Fulham,Crystal Palace,1,37,2.3173354
527,Neeskens Kebano,Fulham,Manchester Utd,0,38,1.8832483
528,Bobby De Cordova-Reid,Fulham,Crystal Palace,1,37,2.470105
529,Bobby De Cordova-Reid,Fulham,Manchester Utd,0,38,2.0252118
530,Joe Bryan,Fulham,Crystal Palace,1,37,2.666366
531,Joe Bryan,Fulham,Manchester Utd,0,38,1.9959025
532,Terence Kongolo,Fulham,Crystal Palace,1,37,2.892921
533,Terence Kongolo,Fulham,Manchester Utd,0,38,2.0125728
534,Tosin Adarabioyo,Fulham,Crystal Palace,1,37,3.044751
535,Tosin Adarabioyo,Fulham,Manchester Utd,0,38,2.301942
536,Aleksandar Mitrovic,Fulham,Crystal Palace,1,37,4.4484963
537,Aleksandar Mitrovic,Fulham,Manchester Utd,0,38,3.8825498
538,Harrison Reed,Fulham,Crystal Palace,1,37,3.1516979
539,Harrison Reed,Fulham,Manchester Utd,0,38,2.2363348
540,Harry Wilson,Fulham,Crystal Palace,1,37,2.9463859
541,Harry Wilson,Fulham,Manchester Utd,0,38,2.142896
542,Marek Rodak,Fulham,Crystal Palace,1,37,3.3224268
543,Marek Rodak,Fulham,Manchester Utd,0,38,2.1995835
544,Kenny Tete,Fulham,Crystal Palace,1,37,3.2053628
545,Kenny Tete,Fulham,Manchester Utd,0,38,2.2395527
546,Josh Onomah,Fulham,Crystal Palace,1,37,2.2495627
547,Josh Onomah,Fulham,Manchester Utd,0,38,1.7504827
548,Antonee Robinson,Fulham,Crystal Palace,1,37,3.0490048
549,Antonee Robinson,Fulham,Manchester Utd,0,38,2.2511964
550,Jay Stansfield,Fulham,Crystal Palace,1,37,2.4659119
551,Jay Stansfield,Fulham,Manchester Utd,0,38,1.8848009
552,Joao Palhinha,Fulham,Crystal Palace,1,37,2.7019806
553,Joao Palhinha,Fulham,Manchester Utd,0,38,2.1046631
554,Daniel James,Fulham,Crystal Palace,1,37,2.6346257
555,Daniel James,Fulham,Manchester Utd,0,38,2.0486236
556,Andreas Pereira,Fulham,Crystal Palace,1,37,3.9068305
557,Andreas Pereira,Fulham,Manchester Utd,0,38,3.013591
558,Issa Diop,Fulham,Crystal Palace,1,37,2.9455016
559,Issa Diop,Fulham,Manchester Utd,0,38,2.031061
560,Tyrese Francois,Fulham,Crystal Palace,1,37,2.3182633
561,Tyrese Francois,Fulham,Manchester Utd,0,38,1.8035492
562,Kevin Mbabu,Fulham,Crystal Palace,1,37,2.3528852
563,Kevin Mbabu,Fulham,Manchester Utd,0,38,1.7867117
564,Luke Harris,Fulham,Crystal Palace,1,37,2.249366
565,Luke Harris,Fulham,Manchester Utd,0,38,3.8877993
566,Manor Solomon,Fulham,Crystal Palace,1,37,2.4775052
567,Manor Solomon,Fulham,Manchester Utd,0,38,1.9067981
568,Layvin Kurzawa,Fulham,Crystal Palace,1,37,2.312346
569,Layvin Kurzawa,Fulham,Manchester Utd,0,38,1.7736661
570,Willian,Fulham,Crystal Palace,1,37,4.1278076
571,Willian,Fulham,Manchester Utd,0,38,2.9628208
572,Sasa Lukic,Fulham,Crystal Palace,1,37,2.230369
573,Sasa Lukic,Fulham,Manchester Utd,0,38,2.201385
574,Kasper Schmeichel,Leicester City,Newcastle Utd,0,37,2.6643925
575,Kasper Schmeichel,Leicester City,West Ham,1,38,3.5829551
576,Jonny Evans,Leicester City,Newcastle Utd,0,37,2.0387316
577,Jonny Evans,Leicester City,West Ham,1,38,2.8447819
578,Ryan Bertrand,Leicester City,Newcastle Utd,0,37,2.0665178
579,Ryan Bertrand,Leicester City,West Ham,1,38,3.0444896
580,Marc Albrighton,Leicester City,Newcastle Utd,0,37,2.1703298
581,Marc Albrighton,Leicester City,West Ham,1,38,2.7886639
582,Nampalys Mendy,Leicester City,Newcastle Utd,0,37,1.7405982
583,Nampalys Mendy,Leicester City,West Ham,1,38,2.4253957
584,Jannik Vestergaard,Leicester City,Newcastle Utd,0,37,1.7147862
585,Jannik Vestergaard,Leicester City,West Ham,1,38,2.5538735
586,Danny Ward,Leicester City,Newcastle Utd,0,37,2.4774106
587,Danny Ward,Leicester City,West Ham,1,38,3.354377
588,Jamie Vardy,Leicester City,Newcastle Utd,0,37,2.5573983
589,Jamie Vardy,Leicester City,West Ham,1,38,3.5839312
590,Daniel Amartey,Leicester City,Newcastle Utd,0,37,2.0334914
591,Daniel Amartey,Leicester City,West Ham,1,38,3.002531
592,Timothy Castagne,Leicester City,Newcastle Utd,0,37,2.0899866
593,Timothy Castagne,Leicester City,West Ham,1,38,3.1183534
594,Youri Tielemans,Leicester City,Newcastle Utd,0,37,2.2124224
595,Youri Tielemans,Leicester City,West Ham,1,38,3.2064157
596,Ayoze Perez,Leicester City,Newcastle Utd,0,37,2.2408228
597,Ayoze Perez,Leicester City,West Ham,1,38,2.928566
598,James Maddison,Leicester City,Newcastle Utd,0,37,4.454032
599,James Maddison,Leicester City,West Ham,1,38,5.524324
600,Kelechi Iheanacho,Leicester City,Newcastle Utd,0,37,2.7958572
601,Kelechi Iheanacho,Leicester City,West Ham,1,38,3.5048428
602,Hamza Choudhury,Leicester City,Newcastle Utd,0,37,1.7206818
603,Hamza Choudhury,Leicester City,West Ham,1,38,2.4222026
604,Harvey Barnes,Leicester City,Newcastle Utd,0,37,3.3435857
605,Harvey Barnes,Leicester City,West Ham,1,38,4.211365
606,Wilfred Ndidi,Leicester City,Newcastle Utd,0,37,1.822459
607,Wilfred Ndidi,Leicester City,West Ham,1,38,2.5584338
608,Kiernan Dewsbury-Hall,Leicester City,Newcastle Utd,0,37,2.0180492
609,Kiernan Dewsbury-Hall,Leicester City,West Ham,1,38,2.6973338
610,Caglar Soyuncu,Leicester City,Newcastle Utd,0,37,2.3905866
611,Caglar Soyuncu,Leicester City,West Ham,1,38,2.8722038
612,James Justin,Leicester City,Newcastle Utd,0,37,2.4437914
613,James Justin,Leicester City,West Ham,1,38,3.3071036
614,Boubakary Soumare,Leicester City,Newcastle Utd,0,37,1.822459
615,Boubakary Soumare,Leicester City,West Ham,1,38,2.5908115
616,Luke Thomas,Leicester City,Newcastle Utd,0,37,1.7597585
617,Luke Thomas,Leicester City,West Ham,1,38,2.591752
618,Patson Daka,Leicester City,Newcastle Utd,0,37,1.9584336
619,Patson Daka,Leicester City,West Ham,1,38,2.6009755
620,Lewis Brunt,Leicester City,Newcastle Utd,0,37,1.7543068
621,Lewis Brunt,Leicester City,West Ham,1,38,2.5290868
622,Daniel Iversen,Leicester City,Newcastle Utd,0,37,2.2998083
623,Daniel Iversen,Leicester City,West Ham,1,38,3.109224
624,Dennis Praet,Leicester City,Newcastle Utd,0,37,1.8142366
625,Dennis Praet,Leicester City,West Ham,1,38,5.963209
626,Wout Faes,Leicester City,Newcastle Utd,0,37,2.120592
627,Wout Faes,Leicester City,West Ham,1,38,2.9441257
628,Kasey McAteer,Leicester City,Newcastle Utd,0,37,1.7685674
629,Kasey McAteer,Leicester City,West Ham,1,38,2.4448168
630,Harry Souttar,Leicester City,Newcastle Utd,0,37,2.0663922
631,Harry Souttar,Leicester City,West Ham,1,38,8.058898
632,Liam Cooper,Leeds United,West Ham,0,37,2.399169
633,Liam Cooper,Leeds United,Tottenham,1,38,2.2901042
634,Luke Ayling,Leeds United,West Ham,0,37,2.8376038
635,Luke Ayling,Leeds United,Tottenham,1,38,2.6520722
636,Mateusz Klich,Leeds United,West Ham,0,37,1.9577785
637,Mateusz Klich,Leeds United,Tottenham,1,38,1.9963981
638,Adam Forshaw,Leeds United,West Ham,0,37,2.1571653
639,Adam Forshaw,Leeds United,Tottenham,1,38,2.148218
640,Rodrigo,Leeds United,West Ham,0,37,2.8267982
641,Rodrigo,Leeds United,Tottenham,1,38,2.8309193
642,Stuart Dallas,Leeds United,West Ham,0,37,2.4844577
643,Stuart Dallas,Leeds United,Tottenham,1,38,2.4190922
644,Patrick Bamford,Leeds United,West Ham,0,37,3.8521206
645,Patrick Bamford,Leeds United,Tottenham,1,38,3.3950906
646,Diego Llorente,Leeds United,West Ham,0,37,2.4196424
647,Diego Llorente,Leeds United,Tottenham,1,38,2.2950332
648,Tyler Roberts,Leeds United,West Ham,0,37,2.087428
649,Tyler Roberts,Leeds United,Tottenham,1,38,2.0394123
650,Robin Koch,Leeds United,West Ham,0,37,2.4678476
651,Robin Koch,Leeds United,Tottenham,1,38,2.4375477
652,Raphael Dias Belloli,Leeds United,West Ham,0,37,4.663121
653,Raphael Dias Belloli,Leeds United,Tottenham,1,38,4.0335255
654,Jack Harrison,Leeds United,West Ham,0,37,3.0008483
655,Jack Harrison,Leeds United,Tottenham,1,38,2.8474243
656,Jamie Shackleton,Leeds United,West Ham,0,37,2.059197
657,Jamie Shackleton,Leeds United,Tottenham,1,38,2.0717208
658,Pascal Struijk,Leeds United,West Ham,0,37,2.2842932
659,Pascal Struijk,Leeds United,Tottenham,1,38,2.0746708
660,Kristoffer Klaesson,Leeds United,West Ham,0,37,2.1610236
661,Kristoffer Klaesson,Leeds United,Tottenham,1,38,2.0010738
662,Sam Greenwood,Leeds United,West Ham,0,37,1.9922156
663,Sam Greenwood,Leeds United,Tottenham,1,38,1.9534063
664,Illan Meslier,Leeds United,West Ham,0,37,2.8615127
665,Illan Meslier,Leeds United,Tottenham,1,38,2.5831308
666,Crysencio Summerville,Leeds United,West Ham,0,37,2.3404944
667,Crysencio Summerville,Leeds United,Tottenham,1,38,2.3543875
668,Lewis Bate,Leeds United,West Ham,0,37,2.0429218
669,Lewis Bate,Leeds United,Tottenham,1,38,2.062321
670,Joe Gelhardt,Leeds United,West Ham,0,37,2.120818
671,Joe Gelhardt,Leeds United,Tottenham,1,38,2.0123959
672,Leo Fuhr Hjelde,Leeds United,West Ham,0,37,2.3150644
673,Leo Fuhr Hjelde,Leeds United,Tottenham,1,38,2.2525747
674,Rasmus Kristensen,Leeds United,West Ham,0,37,2.3593593
675,Rasmus Kristensen,Leeds United,Tottenham,1,38,2.250104
676,Marc Roca,Leeds United,West Ham,0,37,2.558581
677,Marc Roca,Leeds United,Tottenham,1,38,2.3887103
678,Brenden Aaronson,Leeds United,West Ham,0,37,2.2762756
679,Brenden Aaronson,Leeds United,Tottenham,1,38,2.2142448
680,Darko Gyabi,Leeds United,West Ham,0,37,2.096728
681,Darko Gyabi,Leeds United,Tottenham,1,38,1.9347359
682,Tyler Adams,Leeds United,West Ham,0,37,2.429527
683,Tyler Adams,Leeds United,Tottenham,1,38,2.4597847
684,Luis Sinisterra,Leeds United,West Ham,0,37,2.7073662
685,Luis Sinisterra,Leeds United,Tottenham,1,38,2.400118
686,Cody Drameh,Leeds United,West Ham,0,37,2.1268072
687,Cody Drameh,Leeds United,Tottenham,1,38,2.1233885
688,Joel Robles,Leeds United,West Ham,0,37,2.3379002
689,Joel Robles,Leeds United,Tottenham,1,38,2.2642403
690,Degnand Gnonto,Leeds United,West Ham,0,37,2.2774372
691,Degnand Gnonto,Leeds United,Tottenham,1,38,2.2755165
692,Sonny Perkins,Leeds United,West Ham,0,37,2.0605285
693,Sonny Perkins,Leeds United,Tottenham,1,38,2.0008833
694,Maximilian Wober,Leeds United,West Ham,0,37,2.3838713
695,Maximilian Wober,Leeds United,Tottenham,1,38,6.8316994
696,Georginio Rutter,Leeds United,West Ham,0,37,2.0975616
697,Georginio Rutter,Leeds United,Tottenham,1,38,6.7027564
698,Weston McKennie,Leeds United,West Ham,0,37,2.444665
699,Weston McKennie,Leeds United,Tottenham,1,38,2.3126566
700,James Milner,Liverpool,Aston Villa,1,37,2.3572683
701,James Milner,Liverpool,Southampton,0,38,2.67516
702,Jordan Henderson,Liverpool,Aston Villa,1,37,2.8785748
703,Jordan Henderson,Liverpool,Southampton,0,38,2.8889184
704,Joel Matip,Liverpool,Aston Villa,1,37,3.1089265
705,Joel Matip,Liverpool,Southampton,0,38,3.2090514
706,Thiago Alcantara,Liverpool,Aston Villa,1,37,2.4668727
707,Thiago Alcantara,Liverpool,Southampton,0,38,2.5560622
708,Alex Oxlade-Chamberlain,Liverpool,Aston Villa,1,37,2.8927557
709,Alex Oxlade-Chamberlain,Liverpool,Southampton,0,38,5.563286
710,Roberto Firmino,Liverpool,Aston Villa,1,37,3.632781
711,Roberto Firmino,Liverpool,Southampton,0,38,4.3428917
712,Virgil van Dijk,Liverpool,Aston Villa,1,37,4.1678743
713,Virgil van Dijk,Liverpool,Southampton,0,38,4.220571
714,Alisson,Liverpool,Aston Villa,1,37,4.0479054
715,Alisson,Liverpool,Southampton,0,38,4.114738
716,Mohamed Salah,Liverpool,Aston Villa,1,37,7.49667
717,Mohamed Salah,Liverpool,Southampton,0,38,7.477237
718,Andrew Robertson,Liverpool,Aston Villa,1,37,4.625814
719,Andrew Robertson,Liverpool,Southampton,0,38,4.610591
720,Trent Alexander-Arnold,Liverpool,Aston Villa,1,37,5.0748954
721,Trent Alexander-Arnold,Liverpool,Southampton,0,38,4.7780647
722,Joe Gomez,Liverpool,Aston Villa,1,37,2.979038
723,Joe Gomez,Liverpool,Southampton,0,38,3.087661
724,Naby Keita,Liverpool,Aston Villa,1,37,2.7770288
725,Naby Keita,Liverpool,Southampton,0,38,3.0354764
726,Diogo Jota,Liverpool,Aston Villa,1,37,4.5088143
727,Diogo Jota,Liverpool,Southampton,0,38,4.4893785
728,Ibrahima Konate,Liverpool,Aston Villa,1,37,3.3548174
729,Ibrahima Konate,Liverpool,Southampton,0,38,3.7355704
730,Curtis Jones,Liverpool,Aston Villa,1,37,3.0910807
731,Curtis Jones,Liverpool,Southampton,0,38,3.2888992
732,Kostas Tsimikas,Liverpool,Aston Villa,1,37,2.4774766
733,Kostas Tsimikas,Liverpool,Southampton,0,38,2.7946255
734,Luis Diaz,Liverpool,Aston Villa,1,37,3.1661654
735,Luis Diaz,Liverpool,Southampton,0,38,3.723008
736,Harvey Elliott,Liverpool,Aston Villa,1,37,2.5230253
737,Harvey Elliott,Liverpool,Southampton,0,38,2.6122723
738,Fabio Carvalho,Liverpool,Aston Villa,1,37,2.2120337
739,Fabio Carvalho,Liverpool,Southampton,0,38,2.6507993
740,Darwin Nunez,Liverpool,Aston Villa,1,37,3.9344363
741,Darwin Nunez,Liverpool,Southampton,0,38,4.287829
742,Rhys Williams,Liverpool,Aston Villa,1,37,3.345855
743,Rhys Williams,Liverpool,Southampton,0,38,3.6865141
744,Ben Davies,Liverpool,Aston Villa,1,37,3.1680422
745,Ben Davies,Liverpool,Southampton,0,38,3.4679837
746,Nathaniel Phillips,Liverpool,Aston Villa,1,37,3.6290786
747,Nathaniel Phillips,Liverpool,Southampton,0,38,3.7669344
748,Stefan Bajcetic,Liverpool,Aston Villa,1,37,2.568433
749,Stefan Bajcetic,Liverpool,Southampton,0,38,2.6808999
750,Bobby Clark,Liverpool,Aston Villa,1,37,2.2560866
751,Bobby Clark,Liverpool,Southampton,0,38,2.518898
752,Ben Doak,Liverpool,Aston Villa,1,37,2.3310676
753,Ben Doak,Liverpool,Southampton,0,38,2.6589634
754,Cody Gakpo,Liverpool,Aston Villa,1,37,5.1794558
755,Cody Gakpo,Liverpool,Southampton,0,38,5.0284033
756,Kyle Walker,Manchester City,Chelsea,1,37,3.0458496
757,Kyle Walker,Manchester City,Brighton,0,37,2.4903772
758,Kyle Walker,Manchester City,Brentford,0,38,2.7045164
759,Ilkay Gundogan,Manchester City,Chelsea,1,37,4.235273
760,Ilkay Gundogan,Manchester City,Brighton,0,37,3.982831
761,Ilkay Gundogan,Manchester City,Brentford,0,38,3.7516196
762,Kevin De Bruyne,Manchester City,Chelsea,1,37,5.4534497
763,Kevin De Bruyne,Manchester City,Brighton,0,37,4.9142156
764,Kevin De Bruyne,Manchester City,Brentford,0,38,4.6365542
765,John Stones,Manchester City,Chelsea,1,37,3.6607947
766,John Stones,Manchester City,Brighton,0,37,3.2400534
767,John Stones,Manchester City,Brentford,0,38,3.3485594
768,Riyad Mahrez,Manchester City,Chelsea,1,37,4.606195
769,Riyad Mahrez,Manchester City,Brighton,0,37,3.9287183
770,Riyad Mahrez,Manchester City,Brentford,0,38,3.9979413
771,Jack Grealish,Manchester City,Chelsea,1,37,4.2633944
772,Jack Grealish,Manchester City,Brighton,0,37,3.6645272
773,Jack Grealish,Manchester City,Brentford,0,38,3.7034879
774,Joao Cancelo,Manchester City,Chelsea,1,37,3.3378239
775,Joao Cancelo,Manchester City,Brighton,0,37,2.8049324
776,Joao Cancelo,Manchester City,Brentford,0,38,3.2149405
777,Ederson,Manchester City,Chelsea,1,37,3.7156727
778,Ederson,Manchester City,Brighton,0,37,3.186887
779,Ederson,Manchester City,Brentford,0,38,3.2790518
780,Nathan Ake,Manchester City,Chelsea,1,37,3.041948
781,Nathan Ake,Manchester City,Brighton,0,37,2.6177335
782,Nathan Ake,Manchester City,Brentford,0,38,2.784298
783,Aymeric Laporte,Manchester City,Chelsea,1,37,3.6890981
784,Aymeric Laporte,Manchester City,Brighton,0,37,3.2377126
785,Aymeric Laporte,Manchester City,Brentford,0,38,3.6612766
786,Zack Steffen,Manchester City,Chelsea,1,37,3.2591677
787,Zack Steffen,Manchester City,Brighton,0,37,2.7797241
788,Zack Steffen,Manchester City,Brentford,0,38,2.9518125
789,Bernardo Silva,Manchester City,Chelsea,1,37,2.6090574
790,Bernardo Silva,Manchester City,Brighton,0,37,2.2638009
791,Bernardo Silva,Manchester City,Brentford,0,38,2.4727237
792,Ruben Dias,Manchester City,Chelsea,1,37,3.5996575
793,Ruben Dias,Manchester City,Brighton,0,37,3.1971638
794,Ruben Dias,Manchester City,Brentford,0,38,3.4037435
795,Phil Foden,Manchester City,Chelsea,1,37,3.981778
796,Phil Foden,Manchester City,Brighton,0,37,3.4539955
797,Phil Foden,Manchester City,Brentford,0,38,3.8328986
798,Rodri,Manchester City,Chelsea,1,37,2.835874
799,Rodri,Manchester City,Brighton,0,37,2.4353082
800,Rodri,Manchester City,Brentford,0,38,2.6909947
801,Cole Palmer,Manchester City,Chelsea,1,37,2.0910006
802,Cole Palmer,Manchester City,Brighton,0,37,1.8204502
803,Cole Palmer,Manchester City,Brentford,0,38,1.9431841
804,Erling Haaland,Manchester City,Chelsea,1,37,4.55033
805,Erling Haaland,Manchester City,Brighton,0,37,4.282902
806,Erling Haaland,Manchester City,Brentford,0,38,3.7608356
807,Julian Alvarez,Manchester City,Chelsea,1,37,2.7665465
808,Julian Alvarez,Manchester City,Brighton,0,37,2.433295
809,Julian Alvarez,Manchester City,Brentford,0,38,2.6464672
810,Liam Delap,Manchester City,Chelsea,1,37,2.076651
811,Liam Delap,Manchester City,Brighton,0,37,1.8061006
812,Liam Delap,Manchester City,Brentford,0,38,1.9393677
813,Kalvin Phillips,Manchester City,Chelsea,1,37,2.1387045
814,Kalvin Phillips,Manchester City,Brighton,0,37,1.8375684
815,Kalvin Phillips,Manchester City,Brentford,0,38,2.018737
816,Scott Carson,Manchester City,Chelsea,1,37,3.6766493
817,Scott Carson,Manchester City,Brighton,0,37,3.1606498
818,Scott Carson,Manchester City,Brentford,0,38,3.9987202
819,Rico Lewis,Manchester City,Chelsea,1,37,2.750933
820,Rico Lewis,Manchester City,Brighton,0,37,2.3602107
821,Rico Lewis,Manchester City,Brentford,0,38,2.3887417
822,Sergio Gomez,Manchester City,Chelsea,1,37,2.060376
823,Sergio Gomez,Manchester City,Brighton,0,37,1.7477382
824,Sergio Gomez,Manchester City,Brentford,0,38,1.9708147
825,Manuel Akanji,Manchester City,Chelsea,1,37,3.3865948
826,Manuel Akanji,Manchester City,Brighton,0,37,2.91286
827,Manuel Akanji,Manchester City,Brentford,0,38,3.2237794
828,Maximo Perrone,Manchester City,Chelsea,1,37,2.1688368
829,Maximo Perrone,Manchester City,Brighton,0,37,1.9507251
830,Maximo Perrone,Manchester City,Brentford,0,38,2.110074
831,Jack Butland,Manchester Utd,Chelsea,1,37,3.0238566
832,Jack Butland,Manchester Utd,Bournemouth,0,37,3.556428
833,Jack Butland,Manchester Utd,Fulham,1,38,3.9549315
834,Cristiano Ronaldo,Manchester Utd,Chelsea,1,37,3.7744248
835,Cristiano Ronaldo,Manchester Utd,Bournemouth,0,37,4.324337
836,Cristiano Ronaldo,Manchester Utd,Fulham,1,38,4.6729784
837,David de Gea,Manchester Utd,Chelsea,1,37,3.1157963
838,David de Gea,Manchester Utd,Bournemouth,0,37,3.5748987
839,David de Gea,Manchester Utd,Fulham,1,38,4.0698557
840,Phil Jones,Manchester Utd,Chelsea,1,37,2.159101
841,Phil Jones,Manchester Utd,Bournemouth,0,37,2.4516656
842,Phil Jones,Manchester Utd,Fulham,1,38,2.9607759
843,Raphael Varane,Manchester Utd,Chelsea,1,37,2.5413034
844,Raphael Varane,Manchester Utd,Bournemouth,0,37,3.0754523
845,Raphael Varane,Manchester Utd,Fulham,1,38,3.4254415
846,Harry Maguire,Manchester Utd,Chelsea,1,37,2.3084264
847,Harry Maguire,Manchester Utd,Bournemouth,0,37,2.6543941
848,Harry Maguire,Manchester Utd,Fulham,1,38,3.173156
849,Luke Shaw,Manchester Utd,Chelsea,1,37,3.0883763
850,Luke Shaw,Manchester Utd,Bournemouth,0,37,3.7131763
851,Luke Shaw,Manchester Utd,Fulham,1,38,4.021479
852,Bruno Fernandes,Manchester Utd,Chelsea,1,37,5.329024
853,Bruno Fernandes,Manchester Utd,Bournemouth,0,37,5.2381644
854,Bruno Fernandes,Manchester Utd,Fulham,1,38,6.665674
855,Alex Telles,Manchester Utd,Chelsea,1,37,3.0227613
856,Alex Telles,Manchester Utd,Bournemouth,0,37,3.440716
857,Alex Telles,Manchester Utd,Fulham,1,38,3.7437072
858,Marcus Rashford,Manchester Utd,Chelsea,1,37,4.0035815
859,Marcus Rashford,Manchester Utd,Bournemouth,0,37,4.551244
860,Marcus Rashford,Manchester Utd,Fulham,1,38,5.0020056
861,Donny van de Beek,Manchester Utd,Chelsea,1,37,1.9301126
862,Donny van de Beek,Manchester Utd,Bournemouth,0,37,2.1947732
863,Donny van de Beek,Manchester Utd,Fulham,1,38,2.5165946
864,Victor Lindelof,Manchester Utd,Chelsea,1,37,3.0546815
865,Victor Lindelof,Manchester Utd,Bournemouth,0,37,3.7128007
866,Victor Lindelof,Manchester Utd,Fulham,1,38,3.768704
867,Scott McTominay,Manchester Utd,Chelsea,1,37,2.4558206
868,Scott McTominay,Manchester Utd,Bournemouth,0,37,2.661627
869,Scott McTominay,Manchester Utd,Fulham,1,38,2.7888107
870,Eric Bailly,Manchester Utd,Chelsea,1,37,2.159101
871,Eric Bailly,Manchester Utd,Bournemouth,0,37,2.4516656
872,Eric Bailly,Manchester Utd,Fulham,1,38,2.8314812
873,Jadon Sancho,Manchester Utd,Chelsea,1,37,3.428258
874,Jadon Sancho,Manchester Utd,Bournemouth,0,37,3.7321827
875,Jadon Sancho,Manchester Utd,Fulham,1,38,4.0436897
876,Aaron Wan-Bissaka,Manchester Utd,Chelsea,1,37,2.975527
877,Aaron Wan-Bissaka,Manchester Utd,Bournemouth,0,37,3.509448
878,Aaron Wan-Bissaka,Manchester Utd,Fulham,1,38,3.7799273
879,Diogo Dalot,Manchester Utd,Chelsea,1,37,2.993232
880,Diogo Dalot,Manchester Utd,Bournemouth,0,37,3.612081
881,Diogo Dalot,Manchester Utd,Fulham,1,38,3.9842074
882,Brandon Williams,Manchester Utd,Chelsea,1,37,2.0972006
883,Brandon Williams,Manchester Utd,Bournemouth,0,37,2.4041605
884,Brandon Williams,Manchester Utd,Fulham,1,38,2.8469293
885,Anthony Elanga,Manchester Utd,Chelsea,1,37,1.9463878
886,Anthony Elanga,Manchester Utd,Bournemouth,0,37,2.2776074
887,Anthony Elanga,Manchester Utd,Fulham,1,38,2.684472
888,Anthony Martial,Manchester Utd,Chelsea,1,37,3.4518268
889,Anthony Martial,Manchester Utd,Bournemouth,0,37,3.8029907
890,Anthony Martial,Manchester Utd,Fulham,1,38,4.164819
891,Tom Heaton,Manchester Utd,Chelsea,1,37,2.7808514
892,Tom Heaton,Manchester Utd,Bournemouth,0,37,3.2354505
893,Tom Heaton,Manchester Utd,Fulham,1,38,3.6290085
894,Tyrell Malacia,Manchester Utd,Chelsea,1,37,2.3957818
895,Tyrell Malacia,Manchester Utd,Bournemouth,0,37,2.8016922
896,Tyrell Malacia,Manchester Utd,Fulham,1,38,3.0606668
897,Christian Eriksen,Manchester Utd,Chelsea,1,37,3.2107022
898,Christian Eriksen,Manchester Utd,Bournemouth,0,37,3.7128398
899,Christian Eriksen,Manchester Utd,Fulham,1,38,3.9423988
900,Lisandro Martinez,Manchester Utd,Chelsea,1,37,2.3937502
901,Lisandro Martinez,Manchester Utd,Bournemouth,0,37,2.8769891
902,Lisandro Martinez,Manchester Utd,Fulham,1,38,3.2005885
903,Amad Diallo,Manchester Utd,Chelsea,1,37,2.4343188
904,Amad Diallo,Manchester Utd,Bournemouth,0,37,2.620797
905,Amad Diallo,Manchester Utd,Fulham,1,38,2.9543526
906,Alejandro Garnacho,Manchester Utd,Chelsea,1,37,1.9770123
907,Alejandro Garnacho,Manchester Utd,Bournemouth,0,37,2.2587426
908,Alejandro Garnacho,Manchester Utd,Fulham,1,38,2.6543152
909,Casemiro,Manchester Utd,Chelsea,1,37,2.5294776
910,Casemiro,Manchester Utd,Bournemouth,0,37,2.7170918
911,Casemiro,Manchester Utd,Fulham,1,38,2.907764
912,Antony,Manchester Utd,Chelsea,1,37,4.8163047
913,Antony,Manchester Utd,Bournemouth,0,37,5.287532
914,Antony,Manchester Utd,Fulham,1,38,5.4358
915,Kobbie Mainoo,Manchester Utd,Chelsea,1,37,2.1108248
916,Kobbie Mainoo,Manchester Utd,Bournemouth,0,37,2.3316302
917,Kobbie Mainoo,Manchester Utd,Fulham,1,38,5.6807075
918,Shola Shoretire,Manchester Utd,Chelsea,1,37,2.0061803
919,Shola Shoretire,Manchester Utd,Bournemouth,0,37,2.2357454
920,Shola Shoretire,Manchester Utd,Fulham,1,38,2.6370761
921,Wout Weghorst,Manchester Utd,Chelsea,1,37,2.233375
922,Wout Weghorst,Manchester Utd,Bournemouth,0,37,2.504866
923,Wout Weghorst,Manchester Utd,Fulham,1,38,2.8199406
924,Marcel Sabitzer,Manchester Utd,Chelsea,1,37,2.3045788
925,Marcel Sabitzer,Manchester Utd,Bournemouth,0,37,2.5735989
926,Marcel Sabitzer,Manchester Utd,Fulham,1,38,2.8310525
927,Anthony Gordon,Newcastle Utd,Leicester City,1,37,2.4234467
928,Anthony Gordon,Newcastle Utd,Chelsea,0,38,2.3602345
929,Matt Ritchie,Newcastle Utd,Leicester City,1,37,2.15822
930,Matt Ritchie,Newcastle Utd,Chelsea,0,38,2.2035794
931,Ciaran Clark,Newcastle Utd,Leicester City,1,37,2.2455723
932,Ciaran Clark,Newcastle Utd,Chelsea,0,38,2.0890937
933,Karl Darlow,Newcastle Utd,Leicester City,1,37,3.144896
934,Karl Darlow,Newcastle Utd,Chelsea,0,38,2.605656
935,Martin Dubravka,Newcastle Utd,Leicester City,1,37,4.3880315
936,Martin Dubravka,Newcastle Utd,Chelsea,0,38,3.3651884
937,Callum Wilson,Newcastle Utd,Leicester City,1,37,3.8082707
938,Callum Wilson,Newcastle Utd,Chelsea,0,38,3.8256998
939,Kieran Trippier,Newcastle Utd,Leicester City,1,37,4.8951535
940,Kieran Trippier,Newcastle Utd,Chelsea,0,38,3.9834232
941,Dan Burn,Newcastle Utd,Leicester City,1,37,2.936029
942,Dan Burn,Newcastle Utd,Chelsea,0,38,2.5189621
943,Ryan Fraser,Newcastle Utd,Leicester City,1,37,2.408317
944,Ryan Fraser,Newcastle Utd,Chelsea,0,38,2.1347752
945,Jamaal Lascelles,Newcastle Utd,Leicester City,1,37,2.2149866
946,Jamaal Lascelles,Newcastle Utd,Chelsea,0,38,2.1053631
947,Dwight Gayle,Newcastle Utd,Leicester City,1,37,2.1436172
948,Dwight Gayle,Newcastle Utd,Chelsea,0,38,2.0794103
949,Paul Dummett,Newcastle Utd,Leicester City,1,37,2.379328
950,Paul Dummett,Newcastle Utd,Chelsea,0,38,2.1874716
951,Emil Krafth,Newcastle Utd,Leicester City,1,37,2.5662103
952,Emil Krafth,Newcastle Utd,Chelsea,0,38,5.9441133
953,Jacob Murphy,Newcastle Utd,Leicester City,1,37,3.0675578
954,Jacob Murphy,Newcastle Utd,Chelsea,0,38,2.5841534
955,Fabian Schar,Newcastle Utd,Leicester City,1,37,3.7464533
956,Fabian Schar,Newcastle Utd,Chelsea,0,38,3.3241236
957,Matt Targett,Newcastle Utd,Leicester City,1,37,2.205963
958,Matt Targett,Newcastle Utd,Chelsea,0,38,2.1660788
959,Allan Saint-Maximin,Newcastle Utd,Leicester City,1,37,2.4882598
960,Allan Saint-Maximin,Newcastle Utd,Chelsea,0,38,2.68465
961,Miguel Almiron,Newcastle Utd,Leicester City,1,37,3.139232
962,Miguel Almiron,Newcastle Utd,Chelsea,0,38,2.936868
963,Sean Longstaff,Newcastle Utd,Leicester City,1,37,2.6781988
964,Sean Longstaff,Newcastle Utd,Chelsea,0,38,2.3602018
965,Joelinton,Newcastle Utd,Leicester City,1,37,3.3653412
966,Joelinton,Newcastle Utd,Chelsea,0,38,3.1010911
967,Jamal Lewis,Newcastle Utd,Leicester City,1,37,2.379328
968,Jamal Lewis,Newcastle Utd,Chelsea,0,38,2.1227582
969,Joe Willock,Newcastle Utd,Leicester City,1,37,3.359489
970,Joe Willock,Newcastle Utd,Chelsea,0,38,3.0281394
971,Bruno Guimaraes,Newcastle Utd,Leicester City,1,37,3.0250459
972,Bruno Guimaraes,Newcastle Utd,Chelsea,0,38,2.8000982
973,Jeff Hendrick,Newcastle Utd,Leicester City,1,37,2.127342
974,Jeff Hendrick,Newcastle Utd,Chelsea,0,38,2.042515
975,Nick Pope,Newcastle Utd,Leicester City,1,37,3.3461185
976,Nick Pope,Newcastle Utd,Chelsea,0,38,3.146127
977,Sven Botman,Newcastle Utd,Leicester City,1,37,3.3028524
978,Sven Botman,Newcastle Utd,Chelsea,0,38,3.1015942
979,Elliot Anderson,Newcastle Utd,Leicester City,1,37,2.2419484
980,Elliot Anderson,Newcastle Utd,Chelsea,0,38,2.161419
981,Harrison Ashby,Newcastle Utd,Leicester City,1,37,2.174242
982,Harrison Ashby,Newcastle Utd,Chelsea,0,38,2.0066934
983,Alexander Isak,Newcastle Utd,Leicester City,1,37,4.877091
984,Alexander Isak,Newcastle Utd,Chelsea,0,38,4.0695276
985,Neco Williams,Nottingham Forest,Arsenal,1,37,2.010091
986,Neco Williams,Nottingham Forest,Crystal Palace,0,38,2.4864135
987,Jonjo Shelvey,Nottingham Forest,Arsenal,1,37,2.0563824
988,Jonjo Shelvey,Nottingham Forest,Crystal Palace,0,38,5.1165457
989,Chris Wood,Nottingham Forest,Arsenal,1,37,2.2249556
990,Chris Wood,Nottingham Forest,Crystal Palace,0,38,2.6328008
991,Steve Cook,Nottingham Forest,Arsenal,1,37,2.323758
992,Steve Cook,Nottingham Forest,Crystal Palace,0,38,2.6868758
993,Jack Colback,Nottingham Forest,Arsenal,1,37,1.9119575
994,Jack Colback,Nottingham Forest,Crystal Palace,0,38,2.2412074
995,Scott McKenna,Nottingham Forest,Arsenal,1,37,1.9948525
996,Scott McKenna,Nottingham Forest,Crystal Palace,0,38,2.411187
997,Ryan Yates,Nottingham Forest,Arsenal,1,37,1.9586608
998,Ryan Yates,Nottingham Forest,Crystal Palace,0,38,5.1175146
999,Joe Worrall,Nottingham Forest,Arsenal,1,37,2.3032844
1000,Joe Worrall,Nottingham Forest,Crystal Palace,0,38,2.6659849
1001,Sam Surridge,Nottingham Forest,Arsenal,1,37,1.8118911
1002,Sam Surridge,Nottingham Forest,Crystal Palace,0,38,2.2899873
1003,Brennan Johnson,Nottingham Forest,Arsenal,1,37,2.7183957
1004,Brennan Johnson,Nottingham Forest,Crystal Palace,0,38,3.4109836
1005,Taiwo Awoniyi,Nottingham Forest,Arsenal,1,37,2.9069355
1006,Taiwo Awoniyi,Nottingham Forest,Crystal Palace,0,38,3.3443525
1007,Dean Henderson,Nottingham Forest,Arsenal,1,37,2.877467
1008,Dean Henderson,Nottingham Forest,Crystal Palace,0,38,3.5010896
1009,Giulian Biancone,Nottingham Forest,Arsenal,1,37,1.8118911
1010,Giulian Biancone,Nottingham Forest,Crystal Palace,0,38,5.9679847
1011,Willy Boly,Nottingham Forest,Arsenal,1,37,2.145868
1012,Willy Boly,Nottingham Forest,Crystal Palace,0,38,2.7084334
1013,Morgan Gibbs-White,Nottingham Forest,Arsenal,1,37,3.0350363
1014,Morgan Gibbs-White,Nottingham Forest,Crystal Palace,0,38,3.5195
1015,Moussa Niakhate,Nottingham Forest,Arsenal,1,37,2.2726984
1016,Moussa Niakhate,Nottingham Forest,Crystal Palace,0,38,4.76758
1017,Wayne Hennessey,Nottingham Forest,Arsenal,1,37,2.7528317
1018,Wayne Hennessey,Nottingham Forest,Crystal Palace,0,38,3.2865903
1019,Harry Toffolo,Nottingham Forest,Arsenal,1,37,1.8568634
1020,Harry Toffolo,Nottingham Forest,Crystal Palace,0,38,2.3047228
1021,Lewis O'Brien,Nottingham Forest,Arsenal,1,37,1.8789899
1022,Lewis O'Brien,Nottingham Forest,Crystal Palace,0,38,4.9991364
1023,Jesse Lingard,Nottingham Forest,Arsenal,1,37,1.8661422
1024,Jesse Lingard,Nottingham Forest,Crystal Palace,0,38,2.3972576
1025,Orel Mangala,Nottingham Forest,Arsenal,1,37,2.107655
1026,Orel Mangala,Nottingham Forest,Crystal Palace,0,38,2.3788128
1027,Remo Freuler,Nottingham Forest,Arsenal,1,37,2.0257967
1028,Remo Freuler,Nottingham Forest,Crystal Palace,0,38,5.123704
1029,Cheikhou Kouyate,Nottingham Forest,Arsenal,1,37,1.90253
1030,Cheikhou Kouyate,Nottingham Forest,Crystal Palace,0,38,2.2947826
1031,Emmanuel Dennis,Nottingham Forest,Arsenal,1,37,1.8550568
1032,Emmanuel Dennis,Nottingham Forest,Crystal Palace,0,38,2.3466787
1033,Serge Aurier,Nottingham Forest,Arsenal,1,37,2.2214262
1034,Serge Aurier,Nottingham Forest,Crystal Palace,0,38,2.7226415
1035,Keylor Navas,Nottingham Forest,Arsenal,1,37,2.4424467
1036,Keylor Navas,Nottingham Forest,Crystal Palace,0,38,3.153358
1037,Andre Ayew,Nottingham Forest,Arsenal,1,37,1.9806467
1038,Andre Ayew,Nottingham Forest,Crystal Palace,0,38,6.665369
1039,Ainsley Maitland-Niles,Southampton,Brighton,0,37,1.819873
1040,Ainsley Maitland-Niles,Southampton,Liverpool,1,38,4.307431
1041,Romeo Lavia,Southampton,Brighton,0,37,1.7999566
1042,Romeo Lavia,Southampton,Liverpool,1,38,1.9712273
1043,Theo Walcott,Southampton,Brighton,0,37,1.9650002
1044,Theo Walcott,Southampton,Liverpool,1,38,4.3870068
1045,Alex McCarthy,Southampton,Brighton,0,37,2.3033748
1046,Alex McCarthy,Southampton,Liverpool,1,38,2.229337
1047,Oriol Romeu,Southampton,Brighton,0,37,1.8668643
1048,Oriol Romeu,Southampton,Liverpool,1,38,2.0134776
1049,Nathan Redmond,Southampton,Brighton,0,37,1.9496051
1050,Nathan Redmond,Southampton,Liverpool,1,38,2.0616763
1051,Stuart Armstrong,Southampton,Brighton,0,37,2.1476383
1052,Stuart Armstrong,Southampton,Liverpool,1,38,2.1475186
1053,Mohamed Elyounoussi,Southampton,Brighton,0,37,1.8557962
1054,Mohamed Elyounoussi,Southampton,Liverpool,1,38,2.0071037
1055,James Ward-Prowse,Southampton,Brighton,0,37,2.969152
1056,James Ward-Prowse,Southampton,Liverpool,1,38,3.1620834
1057,Adam Armstrong,Southampton,Brighton,0,37,1.720399
1058,Adam Armstrong,Southampton,Liverpool,1,38,1.9075391
1059,Kyle Walker-Peters,Southampton,Brighton,0,37,1.9558139
1060,Kyle Walker-Peters,Southampton,Liverpool,1,38,2.178221
1061,Jan Bednarek,Southampton,Brighton,0,37,1.794061
1062,Jan Bednarek,Southampton,Liverpool,1,38,2.0198221
1063,Che Adams,Southampton,Brighton,0,37,2.41438
1064,Che Adams,Southampton,Liverpool,1,38,2.769005
1065,Nathan Tella,Southampton,Brighton,0,37,1.9544429
1066,Nathan Tella,Southampton,Liverpool,1,38,2.0863256
1067,Yan Valery,Southampton,Brighton,0,37,1.6117046
1068,Yan Valery,Southampton,Liverpool,1,38,1.9100147
1069,Ibrahima Diallo,Southampton,Brighton,0,37,1.5529456
1070,Ibrahima Diallo,Southampton,Liverpool,1,38,1.7227509
1071,Romain Perraud,Southampton,Brighton,0,37,1.7435907
1072,Romain Perraud,Southampton,Liverpool,1,38,1.9497119
1073,Moussa Djenepo,Southampton,Brighton,0,37,1.6915934
1074,Moussa Djenepo,Southampton,Liverpool,1,38,1.8234763
1075,Tino Livramento,Southampton,Brighton,0,37,2.0178912
1076,Tino Livramento,Southampton,Liverpool,1,38,2.2420404
1077,Mohammed Salisu,Southampton,Brighton,0,37,2.0337691
1078,Mohammed Salisu,Southampton,Liverpool,1,38,2.205451
1079,Gavin Bazunu,Southampton,Brighton,0,37,2.0993168
1080,Gavin Bazunu,Southampton,Liverpool,1,38,2.260552
1081,Willy Caballero,Southampton,Brighton,0,37,2.450757
1082,Willy Caballero,Southampton,Liverpool,1,38,2.4421089
1083,Joe Aribo,Southampton,Brighton,0,37,1.756877
1084,Joe Aribo,Southampton,Liverpool,1,38,1.7966762
1085,Sekou Mara,Southampton,Brighton,0,37,1.6054196
1086,Sekou Mara,Southampton,Liverpool,1,38,1.8151037
1087,Duje Caleta-Car,Southampton,Brighton,0,37,1.8615255
1088,Duje Caleta-Car,Southampton,Liverpool,1,38,6.1677694
1089,Samuel Edozie,Southampton,Brighton,0,37,1.6578583
1090,Samuel Edozie,Southampton,Liverpool,1,38,1.9215794
1091,Mislav Orsic,Southampton,Brighton,0,37,2.629048
1092,Mislav Orsic,Southampton,Liverpool,1,38,6.118909
1093,Carlos Alcaraz,Southampton,Brighton,0,37,2.4297292
1094,Carlos Alcaraz,Southampton,Liverpool,1,38,5.6593823
1095,James Bree,Southampton,Brighton,0,37,2.2779598
1096,James Bree,Southampton,Liverpool,1,38,3.0025673
1097,Kamaldeen Sulemana,Southampton,Brighton,0,37,1.9108607
1098,Kamaldeen Sulemana,Southampton,Liverpool,1,38,4.7958765
1099,Paul Onuachu,Southampton,Brighton,0,37,1.9546766
1100,Paul Onuachu,Southampton,Liverpool,1,38,7.0843763
1101,Hugo Lloris,Tottenham,Brentford,1,37,3.4379113
1102,Hugo Lloris,Tottenham,Leeds United,0,38,3.5414908
1103,Fraser Forster,Tottenham,Brentford,1,37,2.9059157
1104,Fraser Forster,Tottenham,Leeds United,0,38,3.118006
1105,Harry Kane,Tottenham,Brentford,1,37,4.2473288
1106,Harry Kane,Tottenham,Leeds United,0,38,5.6597657
1107,Heung-Min Son,Tottenham,Brentford,1,37,4.514271
1108,Heung-Min Son,Tottenham,Leeds United,0,38,4.5998964
1109,Matt Doherty,Tottenham,Brentford,1,37,2.9845738
1110,Matt Doherty,Tottenham,Leeds United,0,38,3.363634
1111,Eric Dier,Tottenham,Brentford,1,37,2.744413
1112,Eric Dier,Tottenham,Leeds United,0,38,2.9285774
1113,Lucas Moura,Tottenham,Brentford,1,37,1.9433894
1114,Lucas Moura,Tottenham,Leeds United,0,38,2.3653803
1115,Pierre-Emile Hjbjerg,Tottenham,Brentford,1,37,2.5585217
1116,Pierre-Emile Hjbjerg,Tottenham,Leeds United,0,38,2.708142
1117,Harry Winks,Tottenham,Brentford,1,37,2.007313
1118,Harry Winks,Tottenham,Leeds United,0,38,2.369559
1119,Davinson Sanchez,Tottenham,Brentford,1,37,1.9480302
1120,Davinson Sanchez,Tottenham,Leeds United,0,38,2.4390056
1121,Ryan Sessegnon,Tottenham,Brentford,1,37,2.2552025
1122,Ryan Sessegnon,Tottenham,Leeds United,0,38,2.6141822
1123,Steven Bergwijn,Tottenham,Brentford,1,37,2.0807393
1124,Steven Bergwijn,Tottenham,Leeds United,0,38,2.465728
1125,Japhet Tanganga,Tottenham,Brentford,1,37,2.1359978
1126,Japhet Tanganga,Tottenham,Leeds United,0,38,2.4056861
1127,Rodrigo Bentancur,Tottenham,Brentford,1,37,2.8298912
1128,Rodrigo Bentancur,Tottenham,Leeds United,0,38,2.9502234
1129,Oliver Skipp,Tottenham,Brentford,1,37,2.2266366
1130,Oliver Skipp,Tottenham,Leeds United,0,38,2.5118136
1131,Joe Rodon,Tottenham,Brentford,1,37,2.1359978
1132,Joe Rodon,Tottenham,Leeds United,0,38,2.547256
1133,Cristian Romero,Tottenham,Brentford,1,37,2.9073253
1134,Cristian Romero,Tottenham,Leeds United,0,38,3.0433025
1135,Yves Bissouma,Tottenham,Brentford,1,37,1.9660507
1136,Yves Bissouma,Tottenham,Leeds United,0,38,2.3316805
1137,Dejan Kulusevski,Tottenham,Brentford,1,37,2.5330014
1138,Dejan Kulusevski,Tottenham,Leeds United,0,38,2.9164793
1139,Dane Scarlett,Tottenham,Brentford,1,37,1.930912
1140,Dane Scarlett,Tottenham,Leeds United,0,38,2.4024134
1141,Ivan Perisic,Tottenham,Brentford,1,37,3.130783
1142,Ivan Perisic,Tottenham,Leeds United,0,38,3.2784364
1143,Harvey White,Tottenham,Brentford,1,37,2.4426713
1144,Harvey White,Tottenham,Leeds United,0,38,2.8947618
1145,Pape Matar Sarr,Tottenham,Brentford,1,37,1.8969966
1146,Pape Matar Sarr,Tottenham,Leeds United,0,38,2.3283453
1147,Richarlison,Tottenham,Brentford,1,37,2.2886531
1148,Richarlison,Tottenham,Leeds United,0,38,2.6769588
1149,Clement Lenglet,Tottenham,Brentford,1,37,2.5737278
1150,Clement Lenglet,Tottenham,Leeds United,0,38,2.941361
1151,Djed Spence,Tottenham,Brentford,1,37,1.9002873
1152,Djed Spence,Tottenham,Leeds United,0,38,2.3998408
1153,Arnaut Danjuma,Tottenham,Brentford,1,37,2.207017
1154,Arnaut Danjuma,Tottenham,Leeds United,0,38,4.993297
1155,Pedro Porro,Tottenham,Brentford,1,37,3.41888
1156,Pedro Porro,Tottenham,Leeds United,0,38,3.5150335
1157,Danny Ings,West Ham,Leeds United,1,37,3.0716438
1158,Danny Ings,West Ham,Leicester City,0,38,2.6011815
1159,Lukasz Fabianski,West Ham,Leeds United,1,37,3.7789702
1160,Lukasz Fabianski,West Ham,Leicester City,0,38,3.255454
1161,Angelo Ogbonna,West Ham,Leeds United,1,37,3.2395983
1162,Angelo Ogbonna,West Ham,Leicester City,0,38,2.5693924
1163,Aaron Cresswell,West Ham,Leeds United,1,37,3.6410437
1164,Aaron Cresswell,West Ham,Leicester City,0,38,2.811437
1165,Michail Antonio,West Ham,Leeds United,1,37,3.3651812
1166,Michail Antonio,West Ham,Leicester City,0,38,2.8658478
1167,Manuel Lanzini,West Ham,Leeds United,1,37,2.4362764
1168,Manuel Lanzini,West Ham,Leicester City,0,38,2.2651455
1169,Kurt Zouma,West Ham,Leeds United,1,37,3.5228696
1170,Kurt Zouma,West Ham,Leicester City,0,38,2.7537541
1171,Arthur Masuaku,West Ham,Leeds United,1,37,2.5148482
1172,Arthur Masuaku,West Ham,Leicester City,0,38,2.196053
1173,Vladimir Coufal,West Ham,Leeds United,1,37,3.1084986
1174,Vladimir Coufal,West Ham,Leicester City,0,38,2.644491
1175,Said Benrahma,West Ham,Leeds United,1,37,4.4276075
1176,Said Benrahma,West Ham,Leicester City,0,38,3.6275985
1177,Jarrod Bowen,West Ham,Leeds United,1,37,4.9126244
1178,Jarrod Bowen,West Ham,Leicester City,0,38,4.213953
1179,Declan Rice,West Ham,Leeds United,1,37,3.0818102
1180,Declan Rice,West Ham,Leicester City,0,38,2.4823372
1181,Tomas Soucek,West Ham,Leeds United,1,37,2.8664415
1182,Tomas Soucek,West Ham,Leicester City,0,38,2.4557192
1183,Pablo Fornals,West Ham,Leeds United,1,37,2.7452378
1184,Pablo Fornals,West Ham,Leicester City,0,38,2.2429552
1185,Ben Johnson,West Ham,Leeds United,1,37,2.6340013
1186,Ben Johnson,West Ham,Leicester City,0,38,2.1933372
1187,Nayef Aguerd,West Ham,Leeds United,1,37,3.368269
1188,Nayef Aguerd,West Ham,Leicester City,0,38,2.6647215
1189,Alphonse Areola,West Ham,Leeds United,1,37,3.281181
1190,Alphonse Areola,West Ham,Leicester City,0,38,2.6196003
1191,Flynn Downes,West Ham,Leeds United,1,37,2.5538106
1192,Flynn Downes,West Ham,Leicester City,0,38,2.1818922
1193,Gianluca Scamacca,West Ham,Leeds United,1,37,3.0315435
1194,Gianluca Scamacca,West Ham,Leicester City,0,38,2.6665595
1195,Conor Coventry,West Ham,Leeds United,1,37,2.3205473
1196,Conor Coventry,West Ham,Leicester City,0,38,2.0325847
1197,Maxwel Cornet,West Ham,Leeds United,1,37,2.972376
1198,Maxwel Cornet,West Ham,Leicester City,0,38,2.8479016
1199,Thilo Kehrer,West Ham,Leeds United,1,37,2.787003
1200,Thilo Kehrer,West Ham,Leicester City,0,38,2.4127893
1201,Divin Mubama,West Ham,Leeds United,1,37,2.4174173
1202,Divin Mubama,West Ham,Leicester City,0,38,2.1560388
1203,Craig Dawson,Wolves,Everton,1,37,3.0766206
1204,Craig Dawson,Wolves,Arsenal,0,38,2.2107697
1205,Raul Jimenez,Wolves,Everton,1,37,2.9448092
1206,Raul Jimenez,Wolves,Arsenal,0,38,2.296942
1207,Jose Sa,Wolves,Everton,1,37,3.663441
1208,Jose Sa,Wolves,Arsenal,0,38,2.5300667
1209,Ruben Neves,Wolves,Everton,1,37,3.4309597
1210,Ruben Neves,Wolves,Arsenal,0,38,2.8753128
1211,Hwang Hee-chan,Wolves,Everton,1,37,2.7733276
1212,Hwang Hee-chan,Wolves,Arsenal,0,38,1.9534807
1213,Nelson Semedo,Wolves,Everton,1,37,2.8654306
1214,Nelson Semedo,Wolves,Arsenal,0,38,1.9951543
1215,Daniel Podence,Wolves,Everton,1,37,2.8416176
1216,Daniel Podence,Wolves,Arsenal,0,38,2.0841432
1217,Max Kilman,Wolves,Everton,1,37,3.1745315
1218,Max Kilman,Wolves,Arsenal,0,38,2.1510699
1219,Luke Cundle,Wolves,Everton,1,37,2.5551887
1220,Luke Cundle,Wolves,Arsenal,0,38,1.8763843
1221,Pedro Neto,Wolves,Everton,1,37,2.8727748
1222,Pedro Neto,Wolves,Arsenal,0,38,2.1815748
1223,Rayan Ait-Nouri,Wolves,Everton,1,37,2.678316
1224,Rayan Ait-Nouri,Wolves,Arsenal,0,38,1.9385374
1225,Toti Gomes,Wolves,Everton,1,37,2.9102118
1226,Toti Gomes,Wolves,Arsenal,0,38,1.9794492
1227,Adama Traore,Wolves,Everton,1,37,2.6352966
1228,Adama Traore,Wolves,Arsenal,0,38,1.961998
1229,Joao Moutinho,Wolves,Everton,1,37,2.5899923
1230,Joao Moutinho,Wolves,Arsenal,0,38,2.0031166
1231,Nathan Collins,Wolves,Everton,1,37,2.60194
1232,Nathan Collins,Wolves,Arsenal,0,38,1.8961512
1233,Hugo Bueno,Wolves,Everton,1,37,2.8839269
1234,Hugo Bueno,Wolves,Arsenal,0,38,1.9933205
1235,Joseph Hodge,Wolves,Everton,1,37,2.4636362
1236,Joseph Hodge,Wolves,Arsenal,0,38,4.0480776
1237,Connor Ronan,Wolves,Everton,1,37,2.4771
1238,Connor Ronan,Wolves,Arsenal,0,38,2.2006655
1239,Chem Campbell,Wolves,Everton,1,37,2.5625865
1240,Chem Campbell,Wolves,Arsenal,0,38,1.835549
1241,Goncalo Guedes,Wolves,Everton,1,37,2.9060822
1242,Goncalo Guedes,Wolves,Arsenal,0,38,2.4374378
1243,Matheus Nunes,Wolves,Everton,1,37,2.9800196
1244,Matheus Nunes,Wolves,Arsenal,0,38,2.190773
1245,Sasa Kalajdzic,Wolves,Everton,1,37,2.5794177
1246,Sasa Kalajdzic,Wolves,Arsenal,0,38,4.1314764
1247,Diego Costa,Wolves,Everton,1,37,2.8259737
1248,Diego Costa,Wolves,Arsenal,0,38,2.0460985
1249,Boubacar Traore,Wolves,Everton,1,37,2.6149561
1250,Boubacar Traore,Wolves,Arsenal,0,38,1.9660655
1251,Dexter Lembikisa,Wolves,Everton,1,37,2.5459971
1252,Dexter Lembikisa,Wolves,Arsenal,0,38,2.2006655
1253,Mario Lemina,Wolves,Everton,1,37,2.7815452
1254,Mario Lemina,Wolves,Arsenal,0,38,1.9953458
1255,Pablo Sarabia,Wolves,Everton,1,37,3.160298
1256,Pablo Sarabia,Wolves,Arsenal,0,38,2.693366
1257,Daniel Bentley,Wolves,Everton,1,37,3.6236625
1258,Daniel Bentley,Wolves,Arsenal,0,38,3.3701425
