,General,General,General,General,General,General,General,Playing Time,Playing Time,Playing Time,Playing Time,Performance,Performance,Performance,Performance,Performance,Performance,Performance,Per 90 Minutes,Per 90 Minutes,Per 90 Minutes,Per 90 Minutes,Per 90 Minutes,Expected,Expected,Expected,Expected,Per 90 Minutes,Per 90 Minutes,Per 90 Minutes,Per 90 Minutes,Per 90 Minutes,General
,Rk,Player,Nation,Pos,Squad,Age,Born,MP,Starts,Min,90s,Gls,Ast,G-PK,PK,PKatt,CrdY,CrdR,Gls,Ast,G+A,G-PK,G+A-PK,xG,npxG,xA,npxG+xA,xG,xA,xG+xA,npxG,npxG+xA,Matches
0,1,Max Aarons,eng ENG,DF,Norwich City,22-122,2000,30,28,2521,28.0,0,1,0,0,0,7,0,0.0,0.04,0.04,0.0,0.04,0.7,0.7,1.2,1.9,0.02,0.04,0.07,0.02,0.07,Matches
1,2,Che Adams,sct SCO,FW,Southampton,25-297,1996,28,23,2002,22.2,7,3,7,0,0,0,0,0.31,0.13,0.45,0.31,0.45,6.9,6.9,2.7,9.6,0.31,0.12,0.43,0.31,0.43,Matches
2,3,Rayan Aït Nouri,fr FRA,DF,Wolves,20-334,2001,19,16,1468,16.3,0,2,0,0,0,4,0,0.0,0.12,0.12,0.0,0.12,0.4,0.4,1.2,1.6,0.02,0.07,0.1,0.02,0.1,Matches
3,4,Kristoffer Ajer,no NOR,DF,Brentford,24-019,1998,21,20,1757,19.5,0,3,0,0,0,4,0,0.0,0.15,0.15,0.0,0.15,0.4,0.4,1.2,1.6,0.02,0.06,0.08,0.02,0.08,Matches
4,5,Nathan Aké,nl NED,DF,Manchester City,27-077,1995,13,10,893,9.9,2,0,2,0,0,0,0,0.2,0.0,0.2,0.2,0.2,1.2,1.2,0.5,1.7,0.12,0.05,0.17,0.12,0.17,Matches
5,6,Marc Albrighton,eng ENG,"FW,DF",Leicester City,32-169,1989,16,11,1087,12.1,1,1,1,0,0,3,0,0.08,0.08,0.17,0.08,0.17,0.5,0.5,1.3,1.8,0.04,0.11,0.15,0.04,0.15,Matches
6,7,Thiago Alcántara,es ESP,MF,Liverpool,31-025,1991,22,15,1370,15.2,1,2,1,0,0,2,0,0.07,0.13,0.2,0.07,0.2,1.7,1.7,1.9,3.6,0.11,0.12,0.24,0.11,0.24,Matches
7,8,Trent Alexander-Arnold,eng ENG,DF,Liverpool,23-211,1998,29,29,2583,28.7,2,12,2,0,0,2,0,0.07,0.42,0.49,0.07,0.49,2.3,2.3,10.4,12.7,0.08,0.36,0.44,0.08,0.44,Matches
8,9,Alisson,br BRA,GK,Liverpool,29-216,1992,32,32,2880,32.0,0,1,0,0,0,0,0,0.0,0.03,0.03,0.0,0.03,0.0,0.0,0.4,0.4,0.0,0.01,0.01,0.0,0.01,Matches
9,10,Allan,br BRA,MF,Everton,31-118,1991,27,25,2173,24.1,0,2,0,0,0,7,1,0.0,0.08,0.08,0.0,0.08,0.2,0.2,0.9,1.1,0.01,0.04,0.04,0.01,0.04,Matches
10,11,Dele Alli,eng ENG,MF,Everton,26-025,1996,9,0,227,2.5,0,0,0,0,0,3,0,0.0,0.0,0.0,0.0,0.0,0.1,0.1,0.3,0.3,0.03,0.1,0.13,0.03,0.13,Matches
11,12,Dele Alli,eng ENG,"MF,FW",Tottenham,26-025,1996,10,8,657,7.3,1,0,0,1,1,1,0,0.14,0.0,0.14,0.0,0.0,1.5,0.7,0.8,1.5,0.2,0.11,0.31,0.1,0.21,Matches
12,13,Miguel Almirón,py PAR,"MF,FW",Newcastle Utd,28-085,1994,27,16,1474,16.4,1,0,1,0,0,2,0,0.06,0.0,0.06,0.06,0.06,2.0,2.0,0.6,2.6,0.12,0.04,0.16,0.12,0.16,Matches
13,14,Marcos Alonso,es ESP,DF,Chelsea,31-129,1990,25,22,1942,21.6,3,4,3,0,0,8,0,0.14,0.19,0.32,0.14,0.32,3.1,3.1,4.2,7.4,0.15,0.2,0.34,0.15,0.34,Matches
14,15,Steven Alzate,co COL,MF,Brighton,23-240,1998,9,5,404,4.5,0,0,0,0,0,0,0,0.0,0.0,0.0,0.0,0.0,0.1,0.1,0.2,0.3,0.02,0.04,0.06,0.02,0.06,Matches
15,16,Daniel Amartey,gh GHA,DF,Leicester City,27-136,1994,23,20,1810,20.1,0,0,0,0,0,3,0,0.0,0.0,0.0,0.0,0.0,0.0,0.0,0.2,0.2,0.0,0.01,0.01,0.0,0.01,Matches
16,17,Joachim Andersen,dk DEN,DF,Crystal Palace,25-340,1996,30,28,2556,28.4,0,3,0,0,0,4,0,0.0,0.11,0.11,0.0,0.11,0.5,0.5,1.8,2.3,0.02,0.06,0.08,0.02,0.08,Matches
17,18,Michail Antonio,jm JAM,FW,West Ham,32-039,1990,33,31,2747,30.5,8,7,8,0,1,8,1,0.26,0.23,0.49,0.26,0.49,9.9,9.6,6.3,15.9,0.32,0.2,0.53,0.32,0.52,Matches
18,19,Cameron Archer,eng ENG,"MF,FW",Aston Villa,20-289,2001,3,0,27,0.3,0,0,0,0,0,0,0,0.0,0.0,0.0,0.0,0.0,0.0,0.0,0.0,0.0,0.07,0.0,0.07,0.07,0.07,Matches
19,20,Alphonse Areola,fr FRA,GK,West Ham,29-068,1993,1,1,90,1.0,0,0,0,0,0,0,0,0.0,0.0,0.0,0.0,0.0,0.0,0.0,0.0,0.0,0.0,0.0,0.0,0.0,0.0,Matches
20,21,Adam Armstrong,eng ENG,"FW,MF",Southampton,25-085,1997,21,15,1261,14.0,2,2,2,0,0,1,0,0.14,0.14,0.29,0.14,0.29,4.1,4.1,1.7,5.8,0.29,0.12,0.41,0.29,0.41,Matches
21,22,Stuart Armstrong,sct SCO,MF,Southampton,30-037,1992,22,13,1281,14.2,2,0,2,0,0,1,0,0.14,0.0,0.14,0.14,0.14,2.7,2.7,1.2,3.9,0.19,0.08,0.27,0.19,0.27,Matches
22,23,Kepa Arrizabalaga,es ESP,GK,Chelsea,27-215,1994,4,4,360,4.0,0,0,0,0,0,0,0,0.0,0.0,0.0,0.0,0.0,0.0,0.0,0.0,0.0,0.0,0.0,0.0,0.0,0.0,Matches
23,24,Harrison Ashby,sct SCO,DF,West Ham,20-173,2001,1,0,7,0.1,0,0,0,0,0,0,0,0.0,0.0,0.0,0.0,0.0,0.0,0.0,0.0,0.0,0.0,0.0,0.0,0.0,0.0,Matches
24,25,Pierre-Emerick Aubameyang,ga GAB,FW,Arsenal,32-322,1989,14,12,1037,11.5,4,1,4,0,2,3,0,0.35,0.09,0.43,0.35,0.43,5.8,4.1,0.8,5.0,0.5,0.07,0.57,0.36,0.43,Matches
26,26,Jordan Ayew,gh GHA,FW,Crystal Palace,30-237,1991,30,22,1929,21.4,2,3,2,0,0,1,0,0.09,0.14,0.23,0.09,0.23,3.0,3.0,2.3,5.3,0.14,0.11,0.25,0.14,0.25,Matches
27,27,Luke Ayling,eng ENG,DF,Leeds United,30-254,1991,25,25,2246,25.0,2,2,2,0,0,4,0,0.08,0.08,0.16,0.08,0.16,1.6,1.6,0.8,2.4,0.06,0.03,0.1,0.06,0.1,Matches
28,28,César Azpilicueta,es ESP,DF,Chelsea,32-251,1989,23,22,1862,20.7,1,2,1,0,0,2,0,0.05,0.1,0.15,0.05,0.15,1.1,1.1,2.1,3.3,0.05,0.1,0.16,0.05,0.16,Matches
29,29,Daniel Bachmann,at AUT,GK,Watford,27-301,1994,11,11,990,11.0,0,0,0,0,0,0,0,0.0,0.0,0.0,0.0,0.0,0.0,0.0,0.0,0.0,0.0,0.0,0.0,0.0,0.0,Matches
30,30,Leon Bailey,jm JAM,"FW,MF",Aston Villa,24-270,1997,18,7,761,8.5,1,2,1,0,0,3,0,0.12,0.24,0.35,0.12,0.35,1.6,1.6,0.6,2.2,0.19,0.07,0.26,0.19,0.26,Matches
31,31,Eric Bailly,ci CIV,DF,Manchester Utd,28-024,1994,4,3,217,2.4,0,0,0,0,0,1,0,0.0,0.0,0.0,0.0,0.0,0.0,0.0,0.0,0.0,0.0,0.0,0.0,0.0,0.0,Matches
32,32,Folarin Balogun,eng ENG,FW,Arsenal,20-307,2001,2,1,70,0.8,0,0,0,0,0,0,0,0.0,0.0,0.0,0.0,0.0,0.3,0.3,0.0,0.3,0.35,0.0,0.35,0.35,0.35,Matches
33,33,Patrick Bamford,eng ENG,FW,Leeds United,28-243,1993,9,7,559,6.2,2,2,2,0,0,2,0,0.32,0.32,0.64,0.32,0.64,3.9,3.9,1.0,4.9,0.63,0.15,0.78,0.63,0.78,Matches
34,34,Shandon Baptiste,gd GRN,MF,Brentford,24-028,1998,20,9,880,9.8,1,1,1,0,0,2,1,0.1,0.1,0.2,0.1,0.2,0.7,0.7,0.5,1.2,0.07,0.05,0.12,0.07,0.12,Matches
35,35,Ross Barkley,eng ENG,MF,Chelsea,28-152,1993,5,1,154,1.7,0,0,0,0,0,0,0,0.0,0.0,0.0,0.0,0.0,0.8,0.8,0.5,1.4,0.48,0.32,0.8,0.48,0.8,Matches
36,36,Ashley Barnes,eng ENG,FW,Burnley,32-188,1989,19,4,500,5.6,0,0,0,0,0,4,0,0.0,0.0,0.0,0.0,0.0,0.8,0.8,0.8,1.6,0.14,0.14,0.29,0.14,0.29,Matches
37,37,Harvey Barnes,eng ENG,"FW,MF",Leicester City,24-148,1997,27,21,1772,19.7,4,6,4,0,0,2,0,0.2,0.3,0.51,0.2,0.51,5.5,5.5,2.6,8.2,0.28,0.13,0.42,0.28,0.42,Matches
38,38,Lewis Bate,eng ENG,MF,Leeds United,19-189,2002,1,0,43,0.5,0,0,0,0,0,0,0,0.0,0.0,0.0,0.0,0.0,0.0,0.0,0.0,0.0,0.0,0.0,0.0,0.0,0.0,Matches
39,39,Mads Bech Sørensen,dk DEN,DF,Brentford,23-119,1999,8,6,630,7.0,0,0,0,0,0,2,0,0.0,0.0,0.0,0.0,0.0,0.1,0.1,0.3,0.4,0.01,0.05,0.06,0.01,0.06,Matches
40,40,Jan Bednarek,pl POL,DF,Southampton,26-024,1996,30,29,2539,28.2,4,0,4,0,0,10,0,0.14,0.0,0.14,0.14,0.14,2.4,2.4,0.6,3.0,0.08,0.02,0.11,0.08,0.11,Matches
41,41,Donny van de Beek,nl NED,MF,Everton,25-018,1997,6,5,429,4.8,0,0,0,0,0,1,0,0.0,0.0,0.0,0.0,0.0,0.1,0.1,0.1,0.2,0.03,0.01,0.04,0.03,0.04,Matches
42,42,Donny van de Beek,nl NED,MF,Manchester Utd,25-018,1997,8,0,75,0.8,1,0,1,0,0,0,0,1.2,0.0,1.2,1.2,1.2,0.7,0.7,0.5,1.2,0.88,0.58,1.46,0.88,1.46,Matches
43,43,Asmir Begović,ba BIH,GK,Everton,34-320,1987,2,2,180,2.0,0,0,0,0,0,0,0,0.0,0.0,0.0,0.0,0.0,0.0,0.0,0.0,0.0,0.0,0.0,0.0,0.0,0.0,Matches
44,44,Saïd Benrahma,dz ALG,"FW,MF",West Ham,26-269,1995,31,25,2093,23.3,6,6,6,0,0,0,0,0.26,0.26,0.52,0.26,0.52,4.9,4.9,3.2,8.1,0.21,0.14,0.35,0.21,0.35,Matches
45,45,Rodrigo Bentancur,uy URU,MF,Tottenham,24-335,1997,13,12,1019,11.3,0,1,0,0,0,5,0,0.0,0.09,0.09,0.0,0.09,0.6,0.6,0.9,1.5,0.05,0.08,0.14,0.05,0.14,Matches
46,46,Christian Benteke,be BEL,FW,Crystal Palace,31-154,1990,23,11,1122,12.5,4,1,4,0,0,3,0,0.32,0.08,0.4,0.32,0.4,5.4,5.4,1.1,6.4,0.43,0.09,0.52,0.43,0.52,Matches
47,47,Jóhann Berg Guðmundsson,is ISL,MF,Burnley,31-191,1990,18,13,1102,12.2,0,1,0,0,0,2,0,0.0,0.08,0.08,0.0,0.08,1.7,1.7,0.3,2.0,0.14,0.03,0.16,0.14,0.16,Matches
48,48,Steven Bergwijn,nl NED,"FW,MF",Tottenham,24-210,1997,22,4,527,5.9,3,1,3,0,0,1,0,0.51,0.17,0.68,0.51,0.68,3.1,3.1,0.6,3.7,0.52,0.11,0.63,0.52,0.63,Matches
49,49,Ryan Bertrand,eng ENG,DF,Leicester City,32-274,1989,4,4,337,3.7,0,0,0,0,0,1,0,0.0,0.0,0.0,0.0,0.0,0.0,0.0,0.3,0.3,0.0,0.08,0.08,0.0,0.08,Matches
50,50,Mads Bidstrup,dk DEN,MF,Brentford,21-070,2001,4,0,41,0.5,0,0,0,0,0,0,0,0.0,0.0,0.0,0.0,0.0,0.0,0.0,0.0,0.0,0.0,0.0,0.0,0.0,0.0,Matches
52,51,Yves Bissouma,ml MLI,MF,Brighton,25-249,1996,23,22,1886,21.0,1,1,1,0,0,10,0,0.05,0.05,0.1,0.05,0.1,0.9,0.9,0.6,1.4,0.04,0.03,0.07,0.04,0.07,Matches
53,52,Willy Boly,ci CIV,DF,Wolves,31-092,1991,6,6,540,6.0,0,0,0,0,0,1,0,0.0,0.0,0.0,0.0,0.0,0.2,0.2,0.0,0.2,0.03,0.0,0.03,0.03,0.03,Matches
54,53,Jarrod Bowen,eng ENG,FW,West Ham,25-137,1996,33,31,2713,30.1,10,8,10,0,0,4,0,0.33,0.27,0.6,0.33,0.6,9.7,9.7,5.6,15.3,0.32,0.18,0.51,0.32,0.51,Matches
55,54,Jarrad Branthwaite,eng ENG,DF,Everton,19-313,2002,4,2,281,3.1,1,0,1,0,0,0,0,0.32,0.0,0.32,0.32,0.32,0.4,0.4,0.0,0.4,0.14,0.0,0.14,0.14,0.14,Matches
56,55,Armando Broja,al ALB,FW,Southampton,20-238,2001,30,19,1804,20.0,6,0,6,0,0,2,0,0.3,0.0,0.3,0.3,0.3,6.7,6.7,1.3,8.0,0.33,0.07,0.4,0.33,0.4,Matches
57,56,Josh Brownhill,eng ENG,MF,Burnley,26-138,1995,31,28,2613,29.0,2,3,2,0,0,9,0,0.07,0.1,0.17,0.07,0.17,1.4,1.4,2.2,3.6,0.05,0.08,0.12,0.05,0.12,Matches
58,57,Lewis Brunt,eng ENG,MF,Leicester City,21-181,2000,1,0,24,0.3,0,0,0,0,0,0,0,0.0,0.0,0.0,0.0,0.0,0.0,0.0,0.0,0.0,0.0,0.0,0.0,0.0,0.0,Matches
59,58,Bryan,es ESP,"FW,MF",Tottenham,21-084,2001,9,0,94,1.0,0,0,0,0,0,0,0,0.0,0.0,0.0,0.0,0.0,0.0,0.0,0.1,0.1,0.03,0.07,0.1,0.03,0.1,Matches
60,59,Emi Buendía,ar ARG,"FW,MF",Aston Villa,25-132,1996,30,19,1602,17.8,2,5,2,0,0,1,0,0.11,0.28,0.39,0.11,0.39,2.3,2.3,4.4,6.7,0.13,0.25,0.38,0.13,0.38,Matches
61,60,Dan Burn,eng ENG,DF,Brighton,29-362,1992,13,12,1022,11.4,1,0,1,0,0,4,0,0.09,0.0,0.09,0.09,0.09,1.3,1.3,0.0,1.3,0.11,0.0,0.12,0.11,0.12,Matches
62,61,Dan Burn,eng ENG,DF,Newcastle Utd,29-362,1992,13,13,1170,13.0,0,1,0,0,0,3,0,0.0,0.08,0.08,0.0,0.08,0.5,0.5,0.1,0.6,0.04,0.01,0.05,0.04,0.05,Matches
63,62,Jack Butland,eng ENG,GK,Crystal Palace,29-057,1993,6,5,495,5.5,0,0,0,0,0,0,0,0.0,0.0,0.0,0.0,0.0,0.0,0.0,0.0,0.0,0.0,0.0,0.0,0.0,0.0,Matches
64,63,Sam Byram,eng ENG,DF,Norwich City,28-232,1993,11,7,722,8.0,0,0,0,0,0,2,0,0.0,0.0,0.0,0.0,0.0,0.8,0.8,0.1,1.0,0.1,0.02,0.12,0.1,0.12,Matches
65,64,Willy Caballero,ar ARG,GK,Southampton,40-220,1981,2,2,180,2.0,0,0,0,0,0,1,0,0.0,0.0,0.0,0.0,0.0,0.0,0.0,0.0,0.0,0.0,0.0,0.0,0.0,0.0,Matches
66,65,Moisés Caicedo,ec ECU,MF,Brighton,20-185,2001,5,5,419,4.7,0,1,0,0,0,1,0,0.0,0.21,0.21,0.0,0.21,0.1,0.1,0.3,0.4,0.02,0.06,0.09,0.02,0.09,Matches
67,66,Dominic Calvert-Lewin,eng ENG,FW,Everton,25-051,1997,13,12,999,11.1,3,1,1,2,3,2,0,0.27,0.09,0.36,0.09,0.18,6.1,3.8,0.8,4.6,0.55,0.07,0.62,0.34,0.41,Matches
68,67,Chem Campbell,wls WAL,MF,Wolves,19-127,2002,1,0,13,0.1,0,0,0,0,0,0,0,0.0,0.0,0.0,0.0,0.0,0.0,0.0,0.0,0.0,0.0,0.0,0.0,0.0,0.0,Matches
69,68,João Cancelo,pt POR,DF,Manchester City,27-344,1994,32,32,2867,31.9,1,6,1,0,0,7,0,0.03,0.19,0.22,0.03,0.22,3.4,3.4,4.1,7.6,0.11,0.13,0.24,0.11,0.24,Matches
70,69,Sergi Canós,es ESP,DF,Brentford,25-093,1997,30,25,2066,23.0,2,2,2,0,0,6,0,0.09,0.09,0.17,0.09,0.17,3.0,3.0,1.9,4.9,0.13,0.08,0.21,0.13,0.21,Matches
71,70,Todd Cantwell,eng ENG,"FW,MF",Norwich City,24-068,1998,8,5,441,4.9,0,0,0,0,0,2,0,0.0,0.0,0.0,0.0,0.0,0.2,0.2,0.2,0.4,0.03,0.04,0.07,0.03,0.07,Matches
72,71,Matty Cash,pl POL,DF,Aston Villa,24-272,1997,33,33,2927,32.5,3,3,3,0,0,8,0,0.09,0.09,0.18,0.09,0.18,2.0,2.0,1.8,3.9,0.06,0.06,0.12,0.06,0.12,Matches
73,72,Timothy Castagne,be BEL,DF,Leicester City,26-152,1995,22,17,1698,18.9,1,0,1,0,0,1,0,0.05,0.0,0.05,0.05,0.05,0.1,0.1,0.5,0.6,0.01,0.03,0.03,0.01,0.03,Matches
74,73,Jonny Castro,es ESP,DF,Wolves,28-064,1994,9,6,664,7.4,2,0,2,0,0,1,0,0.27,0.0,0.27,0.27,0.27,0.7,0.7,0.6,1.3,0.1,0.08,0.18,0.1,0.18,Matches
75,74,Craig Cathcart,nir NIR,DF,Watford,33-089,1989,28,25,2211,24.6,0,1,0,0,0,3,0,0.0,0.04,0.04,0.0,0.04,0.1,0.1,0.3,0.4,0.0,0.01,0.02,0.0,0.02,Matches
76,75,Edinson Cavani,uy URU,FW,Manchester Utd,35-081,1987,13,6,631,7.0,2,1,2,0,0,0,0,0.29,0.14,0.43,0.29,0.43,3.1,3.1,1.2,4.2,0.44,0.17,0.6,0.44,0.6,Matches
78,76,Kayky Chagas,br BRA,FW,Manchester City,18-329,2003,1,0,7,0.1,0,0,0,0,0,0,0,0.0,0.0,0.0,0.0,0.0,0.0,0.0,0.0,0.0,0.0,0.0,0.0,0.0,0.0,Matches
79,77,Trevoh Chalobah,eng ENG,DF,Chelsea,22-305,1999,18,15,1269,14.1,3,1,3,0,0,2,0,0.21,0.07,0.28,0.21,0.28,0.9,0.9,0.2,1.1,0.06,0.01,0.08,0.06,0.08,Matches
80,78,Calum Chambers,eng ENG,DF,Arsenal,27-106,1995,2,2,170,1.9,0,0,0,0,0,0,0,0.0,0.0,0.0,0.0,0.0,0.1,0.1,0.1,0.1,0.05,0.03,0.07,0.05,0.07,Matches
81,79,Calum Chambers,eng ENG,DF,Aston Villa,27-106,1995,7,6,542,6.0,1,0,1,0,0,1,0,0.17,0.0,0.17,0.17,0.17,0.1,0.1,0.0,0.1,0.02,0.0,0.02,0.02,0.02,Matches
82,80,Daniel Chesters,eng ENG,MF,West Ham,20-032,2002,1,0,1,0.0,0,0,0,0,0,0,0,0.0,0.0,0.0,0.0,0.0,0.0,0.0,0.0,0.0,0.0,0.0,0.0,0.0,0.0,Matches
83,81,Ben Chilwell,eng ENG,DF,Chelsea,25-136,1996,6,6,540,6.0,3,1,3,0,0,0,0,0.5,0.17,0.67,0.5,0.67,1.2,1.2,0.9,2.1,0.19,0.15,0.35,0.19,0.35,Matches
84,82,Chiquinho,pt POR,"MF,DF",Wolves,22-090,2000,5,0,52,0.6,0,1,0,0,0,0,0,0.0,1.73,1.73,0.0,1.73,0.2,0.2,0.1,0.3,0.4,0.13,0.53,0.4,0.53,Matches
85,83,Hamza Choudhury,eng ENG,"DF,MF",Leicester City,24-217,1997,6,4,285,3.2,0,0,0,0,0,1,0,0.0,0.0,0.0,0.0,0.0,0.0,0.0,0.0,0.0,0.01,0.0,0.01,0.01,0.01,Matches
86,84,Andreas Christensen,dk DEN,DF,Chelsea,26-026,1996,18,16,1406,15.6,0,0,0,0,0,2,0,0.0,0.0,0.0,0.0,0.0,0.4,0.4,0.2,0.7,0.03,0.02,0.04,0.03,0.04,Matches
87,85,Carney Chukwuemeka,eng ENG,"MF,FW",Aston Villa,18-119,2004,9,1,194,2.2,0,1,0,0,0,0,0,0.0,0.46,0.46,0.0,0.46,0.5,0.5,1.0,1.5,0.22,0.46,0.67,0.22,0.67,Matches
88,86,Ciaran Clark,ie IRL,DF,Newcastle Utd,32-222,1989,13,12,1014,11.3,0,1,0,0,0,2,1,0.0,0.09,0.09,0.0,0.09,0.8,0.8,0.3,1.1,0.07,0.03,0.1,0.07,0.1,Matches
89,87,Tom Cleverley,eng ENG,MF,Watford,32-267,1989,26,18,1475,16.4,0,2,0,0,0,2,0,0.0,0.12,0.12,0.0,0.12,0.8,0.8,1.5,2.3,0.05,0.09,0.14,0.05,0.14,Matches
90,88,Nathaniel Clyne,eng ENG,DF,Crystal Palace,31-031,1991,12,11,991,11.0,0,1,0,0,0,1,0,0.0,0.09,0.09,0.0,0.09,0.0,0.0,0.5,0.5,0.0,0.04,0.05,0.0,0.05,Matches
91,89,Conor Coady,eng ENG,DF,Wolves,29-070,1993,34,34,3046,33.8,3,0,3,0,0,4,0,0.09,0.0,0.09,0.09,0.09,1.8,1.8,0.0,1.8,0.05,0.0,0.05,0.05,0.05,Matches
92,90,Séamus Coleman,ie IRL,DF,Everton,33-207,1988,26,26,2303,25.6,1,0,1,0,0,3,0,0.04,0.0,0.04,0.04,0.04,1.0,1.0,1.0,2.0,0.04,0.04,0.08,0.04,0.08,Matches
93,91,Nathan Collins,ie IRL,DF,Burnley,21-006,2001,15,14,1310,14.6,2,0,2,0,0,2,1,0.14,0.0,0.14,0.14,0.14,1.1,1.1,0.4,1.6,0.08,0.03,0.11,0.08,0.11,Matches
94,92,Aaron Connolly,ie IRL,FW,Brighton,22-098,2000,4,1,156,1.7,0,0,0,0,0,0,0,0.0,0.0,0.0,0.0,0.0,0.5,0.5,0.4,0.8,0.26,0.2,0.47,0.26,0.47,Matches
95,93,Liam Cooper,sct SCO,DF,Leeds United,30-249,1991,18,18,1544,17.2,0,1,0,0,0,4,0,0.0,0.06,0.06,0.0,0.06,0.3,0.3,0.1,0.4,0.02,0.01,0.02,0.02,0.02,Matches
96,94,Jack Cork,eng ENG,MF,Burnley,32-315,1989,16,16,1310,14.6,1,0,1,0,0,4,0,0.07,0.0,0.07,0.07,0.07,0.6,0.6,0.1,0.8,0.04,0.01,0.05,0.04,0.05,Matches
97,95,Maxwel Cornet,ci CIV,"FW,MF",Burnley,25-221,1996,22,18,1477,16.4,7,1,7,0,1,2,0,0.43,0.06,0.49,0.43,0.49,5.1,4.3,1.4,5.7,0.31,0.08,0.39,0.26,0.35,Matches
98,96,Hélder Costa,ao ANG,MF,Leeds United,28-114,1994,1,0,22,0.2,0,0,0,0,0,0,0,0.0,0.0,0.0,0.0,0.0,0.0,0.0,0.0,0.0,0.11,0.0,0.11,0.11,0.11,Matches
99,97,Vladimír Coufal,cz CZE,DF,West Ham,29-257,1992,25,22,1949,21.7,0,4,0,0,0,4,1,0.0,0.18,0.18,0.0,0.18,0.6,0.6,2.3,2.9,0.03,0.11,0.14,0.03,0.14,Matches
100,98,Philippe Coutinho,br BRA,"MF,FW",Aston Villa,29-328,1992,14,13,1069,11.9,4,3,4,0,0,0,0,0.34,0.25,0.59,0.34,0.59,3.5,3.5,3.1,6.6,0.29,0.26,0.56,0.29,0.56,Matches
101,99,Aaron Cresswell,eng ENG,DF,West Ham,32-142,1989,28,28,2456,27.3,2,3,2,0,0,3,0,0.07,0.11,0.18,0.07,0.18,1.0,1.0,2.8,3.8,0.04,0.1,0.14,0.04,0.14,Matches
102,100,Charlie Cresswell,eng ENG,DF,Leeds United,19-150,2002,5,1,141,1.6,0,0,0,0,0,1,0,0.0,0.0,0.0,0.0,0.0,0.1,0.1,0.0,0.1,0.05,0.0,0.05,0.05,0.05,Matches
104,101,Cucho,co COL,"FW,MF",Watford,23-016,1999,24,11,1128,12.5,5,2,5,0,0,3,0,0.4,0.16,0.56,0.4,0.56,2.5,2.5,1.9,4.4,0.2,0.15,0.35,0.2,0.35,Matches
105,102,Marc Cucurella,es ESP,DF,Brighton,23-288,1998,32,32,2819,31.3,0,1,0,0,0,6,0,0.0,0.03,0.03,0.0,0.03,0.5,0.5,2.5,3.0,0.02,0.08,0.1,0.02,0.1,Matches
106,103,Luke Cundle,eng ENG,MF,Wolves,20-010,2002,3,2,174,1.9,0,0,0,0,0,0,0,0.0,0.0,0.0,0.0,0.0,0.0,0.0,0.2,0.2,0.0,0.13,0.13,0.0,0.13,Matches
107,104,Patson Daka,zm ZAM,FW,Leicester City,23-209,1998,21,12,1070,11.9,4,3,4,0,0,2,0,0.34,0.25,0.59,0.34,0.59,3.6,3.6,1.7,5.3,0.3,0.14,0.44,0.3,0.44,Matches
108,105,Stuart Dallas,nir NIR,"DF,MF",Leeds United,31-017,1991,34,34,2919,32.4,1,1,1,0,0,5,0,0.03,0.03,0.06,0.03,0.06,2.0,2.0,2.4,4.3,0.06,0.07,0.13,0.06,0.13,Matches
109,106,Diogo Dalot,pt POR,DF,Manchester Utd,23-049,1999,22,17,1633,18.1,0,0,0,0,0,2,0,0.0,0.0,0.0,0.0,0.0,0.7,0.7,1.0,1.6,0.04,0.05,0.09,0.04,0.09,Matches
110,107,Karl Darlow,eng ENG,GK,Newcastle Utd,31-210,1990,8,8,720,8.0,0,0,0,0,0,1,0,0.0,0.0,0.0,0.0,0.0,0.0,0.0,0.0,0.0,0.0,0.0,0.0,0.0,0.0,Matches
111,108,Josh Dasilva,eng ENG,"MF,FW",Brentford,23-195,1998,6,2,169,1.9,0,0,0,0,0,0,1,0.0,0.0,0.0,0.0,0.0,0.0,0.0,0.1,0.1,0.0,0.03,0.03,0.0,0.03,Matches
112,109,Ben Davies,wls WAL,DF,Tottenham,29-012,1993,25,24,2187,24.3,1,1,1,0,0,4,0,0.04,0.04,0.08,0.04,0.08,1.7,1.7,0.6,2.2,0.07,0.02,0.09,0.07,0.09,Matches
113,110,Tom Davies,eng ENG,MF,Everton,23-310,1998,5,1,158,1.8,1,0,1,0,0,0,0,0.57,0.0,0.57,0.57,0.57,0.9,0.9,0.0,0.9,0.52,0.0,0.52,0.52,0.52,Matches
114,111,Keinan Davis,eng ENG,FW,Aston Villa,24-082,1998,1,0,12,0.1,0,0,0,0,0,0,0,0.0,0.0,0.0,0.0,0.0,0.0,0.0,0.0,0.0,0.0,0.0,0.0,0.0,0.0,Matches
115,112,Craig Dawson,eng ENG,DF,West Ham,32-000,1990,31,27,2508,27.9,2,2,2,0,0,5,1,0.07,0.07,0.14,0.07,0.14,2.5,2.5,0.5,3.0,0.09,0.02,0.11,0.09,0.11,Matches
116,113,Kevin De Bruyne,be BEL,MF,Manchester City,30-312,1991,26,21,1841,20.5,11,6,11,0,0,0,0,0.54,0.29,0.83,0.54,0.83,4.8,4.8,7.3,12.2,0.24,0.36,0.6,0.24,0.6,Matches
117,114,Troy Deeney,eng ENG,FW,Watford,33-311,1988,2,0,25,0.3,0,0,0,0,0,0,0,0.0,0.0,0.0,0.0,0.0,0.4,0.4,0.1,0.5,1.45,0.32,1.77,1.45,1.77,Matches
118,115,Liam Delap,eng ENG,FW,Manchester City,19-087,2003,1,0,10,0.1,0,0,0,0,0,0,0,0.0,0.0,0.0,0.0,0.0,0.0,0.0,0.0,0.0,0.0,0.0,0.0,0.0,0.0,Matches
119,116,Fabian Delph,eng ENG,MF,Everton,32-166,1989,9,6,492,5.5,0,0,0,0,0,2,0,0.0,0.0,0.0,0.0,0.0,0.0,0.0,0.1,0.1,0.0,0.01,0.02,0.0,0.02,Matches
120,117,Leander Dendoncker,be BEL,MF,Wolves,27-021,1995,27,18,1681,18.7,1,2,1,0,0,4,0,0.05,0.11,0.16,0.05,0.16,1.7,1.7,0.9,2.6,0.09,0.05,0.14,0.09,0.14,Matches
121,118,Emmanuel Dennis,ng NGA,"FW,MF",Watford,24-172,1997,32,29,2509,27.9,10,6,10,0,0,9,1,0.36,0.22,0.57,0.36,0.57,7.5,7.5,3.2,10.7,0.27,0.11,0.38,0.27,0.38,Matches
122,119,Kiernan Dewsbury Hall,eng ENG,MF,Leicester City,23-242,1998,23,18,1683,18.7,1,3,1,0,0,4,0,0.05,0.16,0.21,0.05,0.21,1.2,1.2,2.2,3.4,0.07,0.12,0.18,0.07,0.18,Matches
123,120,Ibrahima Diallo,fr FRA,MF,Southampton,23-059,1999,21,8,890,9.9,0,2,0,0,0,0,0,0.0,0.2,0.2,0.0,0.2,0.5,0.5,0.9,1.4,0.05,0.09,0.14,0.05,0.14,Matches
124,121,Raphael Dias Belloli,br BRA,"FW,MF",Leeds United,25-143,1996,31,30,2599,28.9,10,3,7,3,3,6,0,0.35,0.1,0.45,0.24,0.35,9.5,7.2,6.2,13.4,0.33,0.21,0.54,0.25,0.46,Matches
125,122,Rúben Dias,pt POR,DF,Manchester City,24-357,1997,28,26,2357,26.2,2,4,2,0,0,5,0,0.08,0.15,0.23,0.08,0.23,1.7,1.7,2.4,4.1,0.07,0.09,0.16,0.07,0.16,Matches
126,123,Luis Díaz,co COL,FW,Liverpool,25-113,1997,10,8,707,7.9,3,2,3,0,0,0,0,0.38,0.25,0.64,0.38,0.64,3.5,3.5,1.5,5.0,0.45,0.19,0.64,0.45,0.64,Matches
127,124,Eric Dier,eng ENG,DF,Tottenham,28-111,1994,31,31,2711,30.1,0,0,0,0,0,1,0,0.0,0.0,0.0,0.0,0.0,1.0,1.0,1.3,2.3,0.03,0.04,0.08,0.03,0.08,Matches
128,125,Lucas Digne,fr FRA,DF,Aston Villa,28-290,1993,11,11,819,9.1,0,1,0,0,0,1,0,0.0,0.11,0.11,0.0,0.11,0.5,0.5,0.9,1.4,0.05,0.1,0.15,0.05,0.15,Matches
130,126,Lucas Digne,fr FRA,DF,Everton,28-290,1993,13,13,1170,13.0,0,0,0,0,0,4,0,0.0,0.0,0.0,0.0,0.0,0.4,0.4,1.7,2.1,0.03,0.13,0.16,0.03,0.16,Matches
131,127,Virgil van Dijk,nl NED,DF,Liverpool,30-302,1991,32,32,2880,32.0,3,1,3,0,0,3,0,0.09,0.03,0.12,0.09,0.12,2.1,2.1,0.3,2.4,0.07,0.01,0.08,0.07,0.08,Matches
132,128,Issa Diop,fr FRA,DF,West Ham,25-117,1997,13,10,963,10.7,0,1,0,0,0,0,0,0.0,0.09,0.09,0.0,0.09,0.1,0.1,0.1,0.3,0.01,0.01,0.02,0.01,0.02,Matches
133,129,Moussa Djenepo,ml MLI,MF,Southampton,23-325,1998,11,5,438,4.9,0,0,0,0,0,3,0,0.0,0.0,0.0,0.0,0.0,1.5,1.5,0.2,1.7,0.3,0.05,0.35,0.3,0.35,Matches
134,130,Lewis Dobbin,eng ENG,"FW,MF",Everton,19-123,2003,3,0,32,0.4,0,0,0,0,0,1,0,0.0,0.0,0.0,0.0,0.0,0.0,0.0,0.0,0.0,0.0,0.0,0.0,0.0,0.0,Matches
135,131,Matt Doherty,ie IRL,DF,Tottenham,30-110,1992,15,9,875,9.7,2,4,2,0,0,0,0,0.21,0.41,0.62,0.21,0.62,2.5,2.5,1.8,4.3,0.26,0.18,0.44,0.26,0.44,Matches
136,132,Gabriel Dos Santos,br BRA,DF,Arsenal,24-138,1997,31,31,2736,30.4,4,0,4,0,0,7,1,0.13,0.0,0.13,0.13,0.13,2.4,2.4,0.8,3.2,0.08,0.03,0.11,0.08,0.11,Matches
137,133,Abdoulaye Doucouré,ml MLI,MF,Everton,29-125,1993,25,24,2141,23.8,2,4,2,0,0,5,0,0.08,0.17,0.25,0.08,0.25,2.1,2.1,2.2,4.2,0.09,0.09,0.18,0.09,0.18,Matches
138,134,Kieran Dowell,eng ENG,"FW,MF",Norwich City,24-208,1997,16,8,700,7.8,1,1,1,0,0,0,0,0.13,0.13,0.26,0.13,0.26,1.2,1.2,1.5,2.7,0.16,0.19,0.34,0.16,0.34,Matches
139,135,Cody Drameh,eng ENG,DF,Leeds United,20-149,2001,3,1,128,1.4,0,0,0,0,0,1,0,0.0,0.0,0.0,0.0,0.0,0.0,0.0,0.0,0.0,0.0,0.01,0.01,0.0,0.01,Matches
140,136,Martin Dúbravka,sk SVK,GK,Newcastle Utd,33-111,1989,23,23,2070,23.0,0,0,0,0,0,1,0,0.0,0.0,0.0,0.0,0.0,0.0,0.0,0.0,0.0,0.0,0.0,0.0,0.0,0.0,Matches
141,137,Shane Duffy,ie IRL,DF,Brighton,30-125,1992,18,15,1436,16.0,1,0,1,0,0,7,0,0.06,0.0,0.06,0.06,0.06,1.3,1.3,0.1,1.5,0.08,0.01,0.09,0.08,0.09,Matches
142,138,Paul Dummett,wls WAL,DF,Newcastle Utd,30-222,1991,3,2,198,2.2,0,0,0,0,0,2,0,0.0,0.0,0.0,0.0,0.0,0.0,0.0,0.0,0.0,0.0,0.0,0.0,0.0,0.0,Matches
143,139,Lewis Dunk,eng ENG,DF,Brighton,30-166,1991,26,26,2303,25.6,1,0,1,0,0,3,1,0.04,0.0,0.04,0.04,0.04,1.0,1.0,0.2,1.2,0.04,0.01,0.05,0.04,0.05,Matches
144,140,Ederson,br BRA,GK,Manchester City,28-262,1993,33,33,2970,33.0,0,0,0,0,0,3,0,0.0,0.0,0.0,0.0,0.0,0.0,0.0,0.1,0.1,0.0,0.0,0.0,0.0,0.0,Matches
145,141,Odsonne Édouard,fr FRA,FW,Crystal Palace,24-110,1998,25,16,1376,15.3,6,3,5,1,1,2,0,0.39,0.2,0.59,0.33,0.52,6.8,6.1,2.2,8.3,0.45,0.14,0.59,0.4,0.54,Matches
146,142,Anthony Elanga,se SWE,FW,Manchester Utd,20-009,2002,19,12,1079,12.0,2,2,2,0,0,0,0,0.17,0.17,0.33,0.17,0.33,2.9,2.9,1.7,4.6,0.24,0.14,0.38,0.24,0.38,Matches
147,143,Harvey Elliott,eng ENG,MF,Liverpool,19-032,2003,5,3,282,3.1,0,0,0,0,0,0,0,0.0,0.0,0.0,0.0,0.0,0.7,0.7,0.3,1.0,0.22,0.1,0.32,0.22,0.32,Matches
148,144,Mohamed Elneny,eg EGY,MF,Arsenal,29-299,1992,10,4,446,5.0,0,2,0,0,0,1,0,0.0,0.4,0.4,0.0,0.4,0.1,0.1,0.5,0.6,0.02,0.1,0.12,0.02,0.12,Matches
149,145,Mohamed Elyounoussi,no NOR,"MF,FW",Southampton,27-275,1994,27,21,1854,20.6,4,2,4,0,0,4,0,0.19,0.1,0.29,0.19,0.29,6.0,6.0,2.3,8.2,0.29,0.11,0.4,0.29,0.4,Matches
150,146,Emerson,br BRA,DF,Tottenham,23-112,1999,27,22,1945,21.6,1,1,1,0,0,5,0,0.05,0.05,0.09,0.05,0.09,1.0,1.0,2.0,3.0,0.05,0.09,0.14,0.05,0.14,Matches
151,147,Christian Eriksen,dk DEN,MF,Brentford,30-081,1992,8,7,669,7.4,1,2,1,0,0,1,0,0.13,0.27,0.4,0.13,0.4,1.0,1.0,1.9,2.9,0.14,0.25,0.39,0.14,0.39,Matches
152,148,Oghenekaro Etebo,ng NGA,MF,Watford,26-178,1995,7,4,389,4.3,0,0,0,0,0,3,0,0.0,0.0,0.0,0.0,0.0,0.0,0.0,0.1,0.1,0.01,0.01,0.02,0.01,0.02,Matches
153,149,Jonny Evans,nir NIR,DF,Leicester City,34-123,1988,13,11,932,10.4,1,1,1,0,0,2,0,0.1,0.1,0.19,0.1,0.19,0.7,0.7,0.5,1.2,0.07,0.04,0.12,0.07,0.12,Matches
154,150,Eberechi Eze,eng ENG,"MF,FW",Crystal Palace,23-311,1998,9,3,336,3.7,1,0,1,0,0,1,0,0.27,0.0,0.27,0.27,0.27,0.3,0.3,0.2,0.5,0.08,0.06,0.13,0.08,0.13,Matches
156,151,Łukasz Fabiański,pl POL,GK,West Ham,37-018,1985,34,34,3060,34.0,0,0,0,0,0,1,0,0.0,0.0,0.0,0.0,0.0,0.0,0.0,0.0,0.0,0.0,0.0,0.0,0.0,0.0,Matches
157,152,Fabinho,br BRA,MF,Liverpool,28-195,1993,27,24,2198,24.4,5,1,3,2,2,6,0,0.2,0.04,0.25,0.12,0.16,3.4,1.9,1.3,3.2,0.14,0.05,0.19,0.08,0.13,Matches
158,153,Kiko Femenía,es ESP,DF,Watford,31-093,1991,25,24,1962,21.8,0,5,0,0,0,2,0,0.0,0.23,0.23,0.0,0.23,0.0,0.0,2.8,2.8,0.0,0.13,0.13,0.0,0.13,Matches
159,154,Evan Ferguson,ie IRL,MF,Brighton,17-199,2004,1,0,23,0.3,0,0,0,0,0,0,0,0.0,0.0,0.0,0.0,0.0,0.0,0.0,0.0,0.0,0.0,0.0,0.0,0.0,0.0,Matches
160,155,Nathan Ferguson,eng ENG,DF,Crystal Palace,21-212,2000,1,0,9,0.1,0,0,0,0,0,0,0,0.0,0.0,0.0,0.0,0.0,0.0,0.0,0.0,0.0,0.0,0.0,0.0,0.0,0.0,Matches
161,156,Bruno Fernandes,pt POR,MF,Manchester Utd,27-240,1994,34,33,2931,32.6,10,6,10,0,2,9,0,0.31,0.18,0.49,0.31,0.49,9.3,7.8,8.3,16.1,0.29,0.26,0.54,0.24,0.49,Matches
162,157,Álvaro Fernández,es ESP,GK,Brentford,24-023,1998,12,12,1080,12.0,0,0,0,0,0,0,0,0.0,0.0,0.0,0.0,0.0,0.0,0.0,0.0,0.0,0.0,0.0,0.0,0.0,0.0,Matches
163,158,Federico Fernández,ar ARG,DF,Newcastle Utd,33-074,1989,7,5,523,5.8,0,0,0,0,0,0,0,0.0,0.0,0.0,0.0,0.0,0.4,0.4,0.3,0.8,0.07,0.06,0.13,0.07,0.13,Matches
164,159,Fernandinho,br BRA,MF,Manchester City,37-002,1985,15,7,708,7.9,2,1,2,0,0,1,0,0.25,0.13,0.38,0.25,0.38,1.5,1.5,0.9,2.4,0.19,0.11,0.3,0.19,0.3,Matches
165,160,Roberto Firmino,br BRA,FW,Liverpool,30-216,1991,18,9,887,9.9,5,3,5,0,0,3,0,0.51,0.3,0.81,0.51,0.81,4.8,4.8,2.0,6.7,0.48,0.2,0.68,0.48,0.68,Matches
166,161,Junior Firpo,es ESP,DF,Leeds United,25-257,1996,20,16,1395,15.5,0,1,0,0,0,10,0,0.0,0.06,0.06,0.0,0.06,0.8,0.8,1.7,2.5,0.05,0.11,0.16,0.05,0.16,Matches
167,162,Ashley Fletcher,eng ENG,FW,Watford,26-216,1995,3,0,30,0.3,0,0,0,0,0,0,0,0.0,0.0,0.0,0.0,0.0,0.4,0.4,0.0,0.4,1.16,0.0,1.16,1.16,1.16,Matches
168,163,Phil Foden,eng ENG,FW,Manchester City,21-343,2000,25,22,1930,21.4,8,5,8,0,0,1,0,0.37,0.23,0.61,0.37,0.61,8.0,8.0,5.7,13.7,0.37,0.26,0.64,0.37,0.64,Matches
169,164,Wesley Fofana,fr FRA,DF,Leicester City,21-140,2000,3,3,270,3.0,0,0,0,0,0,1,0,0.0,0.0,0.0,0.0,0.0,0.1,0.1,0.0,0.1,0.04,0.0,0.04,0.04,0.04,Matches
170,165,Pablo Fornals,es ESP,"FW,MF",West Ham,26-073,1996,33,29,2536,28.2,6,2,6,0,0,4,0,0.21,0.07,0.28,0.21,0.28,4.4,4.4,4.6,8.9,0.16,0.16,0.32,0.16,0.32,Matches
171,166,Adam Forshaw,eng ENG,MF,Leeds United,30-210,1991,22,17,1530,17.0,0,1,0,0,0,5,0,0.0,0.06,0.06,0.0,0.06,0.4,0.4,1.1,1.5,0.02,0.07,0.09,0.02,0.09,Matches
172,167,Marcus Forss,fi FIN,"FW,MF",Brentford,22-322,1999,7,1,209,2.3,0,1,0,0,0,0,0,0.0,0.43,0.43,0.0,0.43,0.2,0.2,0.0,0.2,0.1,0.0,0.1,0.1,0.1,Matches
173,168,Fraser Forster,eng ENG,GK,Southampton,34-050,1988,18,18,1620,18.0,0,0,0,0,0,1,0,0.0,0.0,0.0,0.0,0.0,0.0,0.0,0.0,0.0,0.0,0.0,0.0,0.0,0.0,Matches
174,169,Ben Foster,eng ENG,GK,Watford,39-033,1983,23,23,2070,23.0,0,1,0,0,0,0,0,0.0,0.04,0.04,0.0,0.04,0.0,0.0,0.2,0.2,0.0,0.01,0.01,0.0,0.01,Matches
175,170,Tariqe Fosu,gh GHA,DF,Brentford,26-182,1995,1,0,17,0.2,0,0,0,0,0,0,0,0.0,0.0,0.0,0.0,0.0,0.0,0.0,0.0,0.0,0.16,0.0,0.16,0.16,0.16,Matches
176,171,Ryan Fraser,sct SCO,"FW,MF",Newcastle Utd,28-071,1994,26,18,1451,16.1,2,3,2,0,0,3,0,0.12,0.19,0.31,0.12,0.31,2.4,2.4,1.9,4.3,0.15,0.12,0.27,0.15,0.27,Matches
177,172,Fred,br BRA,MF,Manchester Utd,29-062,1993,26,23,1909,21.2,4,4,4,0,0,5,0,0.19,0.19,0.38,0.19,0.38,1.5,1.5,1.9,3.3,0.07,0.09,0.16,0.07,0.16,Matches
178,173,Ryan Fredericks,eng ENG,DF,West Ham,29-208,1992,7,3,307,3.4,0,0,0,0,0,1,0,0.0,0.0,0.0,0.0,0.0,0.0,0.0,0.1,0.1,0.0,0.03,0.03,0.0,0.03,Matches
179,174,Leo Fuhr Hjelde,no NOR,DF,Leeds United,18-253,2003,2,0,150,1.7,0,0,0,0,0,0,0,0.0,0.0,0.0,0.0,0.0,0.0,0.0,0.0,0.0,0.0,0.02,0.02,0.0,0.02,Matches
180,175,Conor Gallagher,eng ENG,MF,Crystal Palace,22-089,2000,30,30,2586,28.7,8,3,8,0,0,9,0,0.28,0.1,0.38,0.28,0.38,5.7,5.7,3.4,9.1,0.2,0.12,0.32,0.2,0.32,Matches
182,176,Alejandro Garnacho,es ESP,FW,Manchester Utd,17-309,2004,1,0,1,0.0,0,0,0,0,0,0,0,0.0,0.0,0.0,0.0,0.0,0.0,0.0,0.0,0.0,0.0,0.0,0.0,0.0,0.0,Matches
183,177,Dwight Gayle,eng ENG,FW,Newcastle Utd,31-201,1990,7,0,37,0.4,0,0,0,0,0,1,0,0.0,0.0,0.0,0.0,0.0,0.0,0.0,0.0,0.1,0.12,0.04,0.16,0.12,0.16,Matches
184,178,Jean-Philippe Gbamin,ci CIV,MF,Everton,26-223,1995,3,1,67,0.7,0,0,0,0,0,0,0,0.0,0.0,0.0,0.0,0.0,0.0,0.0,0.0,0.0,0.0,0.0,0.0,0.0,0.0,Matches
185,179,David de Gea,es ESP,GK,Manchester Utd,31-180,1990,36,36,3240,36.0,0,0,0,0,0,0,0,0.0,0.0,0.0,0.0,0.0,0.0,0.0,0.0,0.0,0.0,0.0,0.0,0.0,0.0,Matches
186,180,Joe Gelhardt,eng ENG,"FW,MF",Leeds United,20-002,2002,16,2,545,6.1,2,1,2,0,0,4,0,0.33,0.17,0.5,0.33,0.5,2.6,2.6,1.0,3.6,0.43,0.17,0.59,0.43,0.59,Matches
187,181,Anwar El Ghazi,nl NED,FW,Everton,27-003,1995,2,0,13,0.1,0,0,0,0,0,0,0,0.0,0.0,0.0,0.0,0.0,0.0,0.0,0.0,0.0,0.0,0.0,0.0,0.0,0.0,Matches
188,182,Anwar El Ghazi,nl NED,"FW,MF",Aston Villa,27-003,1995,9,4,386,4.3,1,1,0,1,1,2,0,0.23,0.23,0.47,0.0,0.23,1.1,0.3,0.4,0.7,0.25,0.09,0.33,0.07,0.16,Matches
189,183,Saman Ghoddos,ir IRN,"DF,MF",Brentford,28-242,1993,17,4,536,6.0,1,1,1,0,0,2,0,0.17,0.17,0.34,0.17,0.34,0.6,0.6,1.2,1.9,0.11,0.21,0.32,0.11,0.32,Matches
190,184,Dimitris Giannoulis,gr GRE,DF,Norwich City,26-201,1995,15,11,899,10.0,0,1,0,0,0,1,0,0.0,0.1,0.1,0.0,0.1,0.1,0.1,0.5,0.5,0.01,0.05,0.05,0.01,0.05,Matches
191,185,Morgan Gibbs-White,eng ENG,"FW,MF",Wolves,22-099,2000,2,0,9,0.1,0,0,0,0,0,1,0,0.0,0.0,0.0,0.0,0.0,0.1,0.1,0.0,0.1,1.22,0.0,1.22,1.22,1.22,Matches
192,186,Ben Gibson,eng ENG,DF,Norwich City,29-111,1993,27,27,2404,26.7,0,0,0,0,0,5,1,0.0,0.0,0.0,0.0,0.0,1.2,1.2,0.0,1.2,0.04,0.0,0.05,0.04,0.05,Matches
193,187,Billy Gilmour,sct SCO,MF,Norwich City,20-329,2001,21,18,1614,17.9,0,1,0,0,0,2,0,0.0,0.06,0.06,0.0,0.06,0.7,0.7,2.0,2.7,0.04,0.11,0.15,0.04,0.15,Matches
194,188,Ben Godfrey,eng ENG,DF,Everton,24-111,1998,23,23,2029,22.5,0,0,0,0,0,6,0,0.0,0.0,0.0,0.0,0.0,1.1,1.1,0.7,1.9,0.05,0.03,0.08,0.05,0.08,Matches
195,189,André Gomes,pt POR,MF,Everton,28-280,1993,12,5,503,5.6,0,1,0,0,0,3,0,0.0,0.18,0.18,0.0,0.18,0.6,0.6,0.2,0.8,0.11,0.04,0.15,0.11,0.15,Matches
196,190,Toti Gomes,pt POR,DF,Wolves,23-110,1999,2,2,180,2.0,0,0,0,0,0,1,0,0.0,0.0,0.0,0.0,0.0,0.0,0.0,0.0,0.0,0.0,0.0,0.0,0.0,0.0,Matches
197,191,Joe Gomez,eng ENG,DF,Liverpool,24-348,1997,7,3,286,3.2,0,1,0,0,0,2,0,0.0,0.31,0.31,0.0,0.31,0.0,0.0,0.5,0.5,0.0,0.15,0.15,0.0,0.15,Matches
198,192,Charlie Goode,eng ENG,DF,Brentford,26-276,1995,6,4,450,5.0,0,0,0,0,0,3,0,0.0,0.0,0.0,0.0,0.0,0.1,0.1,0.3,0.5,0.03,0.07,0.1,0.03,0.1,Matches
199,193,Anthony Gordon,eng ENG,"MF,FW",Everton,21-071,2001,30,21,1950,21.7,4,2,4,0,0,4,0,0.18,0.09,0.28,0.18,0.28,3.0,3.0,2.9,5.9,0.14,0.13,0.27,0.14,0.27,Matches
200,194,Kaide Gordon,eng ENG,FW,Liverpool,17-213,2004,1,0,9,0.1,0,0,0,0,0,0,0,0.0,0.0,0.0,0.0,0.0,0.4,0.4,0.0,0.4,4.48,0.0,4.48,4.48,4.48,Matches
201,195,Dan Gosling,eng ENG,MF,Watford,32-094,1990,1,0,22,0.2,0,0,0,0,0,0,0,0.0,0.0,0.0,0.0,0.0,0.0,0.0,0.0,0.0,0.0,0.0,0.0,0.0,0.0,Matches
202,196,Demarai Gray,eng ENG,"MF,FW",Everton,25-312,1996,29,25,2050,22.8,5,3,5,0,0,3,0,0.22,0.13,0.35,0.22,0.35,3.9,3.9,3.3,7.1,0.17,0.14,0.31,0.17,0.31,Matches
203,197,Jack Grealish,eng ENG,FW,Manchester City,26-238,1995,23,20,1724,19.2,2,2,2,0,0,3,0,0.1,0.1,0.21,0.1,0.21,4.4,4.4,5.2,9.6,0.23,0.27,0.5,0.23,0.5,Matches
204,198,Mason Greenwood,eng ENG,"FW,MF",Manchester Utd,20-217,2001,18,16,1271,14.1,5,1,5,0,0,1,0,0.35,0.07,0.42,0.35,0.42,4.4,4.4,1.6,6.0,0.31,0.11,0.42,0.31,0.42,Matches
205,199,Sam Greenwood,eng ENG,"FW,MF",Leeds United,20-100,2002,5,0,145,1.6,0,2,0,0,0,0,0,0.0,1.24,1.24,0.0,1.24,0.3,0.3,0.7,1.0,0.18,0.45,0.63,0.18,0.63,Matches
206,200,Pascal Groß,de GER,"MF,DF",Brighton,30-325,1991,26,21,1768,19.6,0,3,0,0,1,1,0,0.0,0.15,0.15,0.0,0.15,2.1,1.4,3.9,5.3,0.11,0.2,0.31,0.07,0.27,Matches
208,201,Vicente Guaita,es ESP,GK,Crystal Palace,35-116,1987,29,29,2565,28.5,0,0,0,0,0,2,0,0.0,0.0,0.0,0.0,0.0,0.0,0.0,0.0,0.0,0.0,0.0,0.0,0.0,0.0,Matches
209,202,Marc Guéhi,eng ENG,DF,Crystal Palace,21-297,2000,33,33,2970,33.0,2,0,2,0,0,4,0,0.06,0.0,0.06,0.06,0.06,1.7,1.7,0.5,2.1,0.05,0.01,0.07,0.05,0.07,Matches
210,203,Bruno Guimarães,br BRA,MF,Newcastle Utd,24-171,1997,14,8,764,8.5,4,1,4,0,0,3,0,0.47,0.12,0.59,0.47,0.59,2.4,2.4,1.7,4.1,0.28,0.2,0.48,0.28,0.48,Matches
211,204,İlkay Gündoğan,de GER,MF,Manchester City,31-194,1990,24,18,1654,18.4,6,4,6,0,0,1,0,0.33,0.22,0.54,0.33,0.54,7.3,7.3,4.1,11.4,0.39,0.23,0.62,0.39,0.62,Matches
212,205,Angus Gunn,eng ENG,GK,Norwich City,26-104,1996,7,7,630,7.0,0,0,0,0,0,0,0,0.0,0.0,0.0,0.0,0.0,0.0,0.0,0.0,0.0,0.0,0.0,0.0,0.0,0.0,Matches
213,206,Grant Hanley,sct SCO,DF,Norwich City,30-167,1991,29,29,2537,28.2,1,0,1,0,0,2,0,0.04,0.0,0.04,0.04,0.04,1.6,1.6,0.2,1.8,0.06,0.01,0.07,0.06,0.07,Matches
214,207,Jack Harrison,eng ENG,"FW,MF",Leeds United,25-167,1996,31,28,2333,25.9,7,1,7,0,0,3,0,0.27,0.04,0.31,0.27,0.31,3.7,3.7,2.5,6.2,0.14,0.09,0.24,0.14,0.24,Matches
215,208,Kortney Hause,eng ENG,DF,Aston Villa,26-294,1995,7,4,397,4.4,1,0,1,0,0,0,0,0.23,0.0,0.23,0.23,0.23,0.1,0.1,0.0,0.1,0.02,0.0,0.02,0.02,0.02,Matches
216,209,Kai Havertz,de GER,"FW,MF",Chelsea,22-329,1999,26,21,1705,18.9,7,3,7,0,0,3,0,0.37,0.16,0.53,0.37,0.53,8.4,8.4,1.9,10.2,0.44,0.1,0.54,0.44,0.54,Matches
217,210,Isaac Hayden,eng ENG,"MF,DF",Newcastle Utd,27-045,1995,14,12,1002,11.1,1,0,1,0,0,5,0,0.09,0.0,0.09,0.09,0.09,0.4,0.4,0.1,0.5,0.04,0.01,0.05,0.04,0.05,Matches
218,211,Hwang Hee-chan,kr KOR,"FW,MF",Wolves,26-100,1996,26,19,1634,18.2,5,1,5,0,0,2,0,0.28,0.06,0.33,0.28,0.33,3.3,3.3,1.7,5.0,0.18,0.09,0.27,0.18,0.27,Matches
219,212,Jordan Henderson,eng ENG,MF,Liverpool,31-323,1990,31,27,2337,26.0,2,5,2,0,0,3,0,0.08,0.19,0.27,0.08,0.27,1.5,1.5,3.7,5.2,0.06,0.14,0.2,0.06,0.2,Matches
220,213,Jeff Hendrick,ie IRL,MF,Newcastle Utd,30-095,1992,3,0,72,0.8,1,0,1,0,0,0,0,1.25,0.0,1.25,1.25,1.25,0.0,0.0,0.0,0.1,0.04,0.06,0.1,0.04,0.1,Matches
221,214,Wayne Hennessey,wls WAL,GK,Burnley,35-102,1987,2,2,180,2.0,0,0,0,0,0,0,0,0.0,0.0,0.0,0.0,0.0,0.0,0.0,0.1,0.1,0.0,0.06,0.06,0.0,0.06,Matches
222,215,Rico Henry,eng ENG,DF,Brentford,24-302,1997,31,30,2534,28.2,2,0,2,0,0,2,0,0.07,0.0,0.07,0.07,0.07,1.5,1.5,1.2,2.7,0.05,0.04,0.1,0.05,0.1,Matches
223,216,Son Heung-min,kr KOR,"FW,MF",Tottenham,29-302,1992,31,31,2666,29.6,19,7,19,0,0,1,0,0.64,0.24,0.88,0.64,0.88,12.6,12.6,7.5,20.1,0.43,0.25,0.68,0.43,0.68,Matches
224,217,Ki-Jana Hoever,nl NED,DF,Wolves,20-108,2002,8,4,308,3.4,0,0,0,0,0,1,0,0.0,0.0,0.0,0.0,0.0,0.0,0.0,0.0,0.1,0.01,0.01,0.02,0.01,0.02,Matches
225,218,Rob Holding,eng ENG,DF,Arsenal,26-228,1995,12,6,633,7.0,1,0,1,0,0,2,0,0.14,0.0,0.14,0.14,0.14,0.3,0.3,0.0,0.3,0.04,0.0,0.04,0.04,0.04,Matches
226,219,Mason Holgate,eng ENG,DF,Everton,25-196,1996,20,18,1684,18.7,1,0,1,0,0,6,1,0.05,0.0,0.05,0.05,0.05,0.6,0.6,0.0,0.6,0.03,0.0,0.03,0.03,0.03,Matches
227,220,Callum Hudson-Odoi,eng ENG,"FW,MF",Chelsea,21-180,2000,15,11,962,10.7,1,2,1,0,0,1,0,0.09,0.19,0.28,0.09,0.28,2.1,2.1,2.3,4.4,0.2,0.21,0.41,0.2,0.41,Matches
228,221,Will Hughes,eng ENG,MF,Crystal Palace,27-019,1995,13,10,825,9.2,0,1,0,0,0,3,0,0.0,0.11,0.11,0.0,0.11,0.2,0.2,0.6,0.8,0.02,0.07,0.08,0.02,0.08,Matches
229,222,Pierre Højbjerg,dk DEN,MF,Tottenham,26-274,1995,32,32,2836,31.5,2,2,2,0,0,3,0,0.06,0.06,0.13,0.06,0.13,1.9,1.9,2.1,4.0,0.06,0.07,0.13,0.06,0.13,Matches
230,223,Adam Idah,ie IRL,"FW,MF",Norwich City,21-056,2001,17,6,625,6.9,1,1,1,0,0,0,0,0.14,0.14,0.29,0.14,0.29,2.0,2.0,0.6,2.6,0.28,0.09,0.37,0.28,0.37,Matches
231,224,Kelechi Iheanacho,ng NGA,FW,Leicester City,25-215,1996,24,11,1112,12.4,4,5,4,0,0,1,0,0.32,0.4,0.73,0.32,0.73,3.4,3.4,2.5,5.9,0.27,0.21,0.48,0.27,0.48,Matches
232,225,Danny Ings,eng ENG,FW,Aston Villa,29-287,1992,25,19,1644,18.3,6,6,5,1,1,4,0,0.33,0.33,0.66,0.27,0.6,6.0,5.2,2.0,7.2,0.33,0.11,0.44,0.29,0.4,Matches
234,226,Tim Iroegbunam,eng ENG,MF,Aston Villa,18-310,2003,3,1,92,1.0,0,0,0,0,0,1,0,0.0,0.0,0.0,0.0,0.0,0.1,0.1,0.0,0.1,0.13,0.0,0.13,0.13,0.13,Matches
235,227,Alex Iwobi,ng NGA,"MF,FW",Everton,26-003,1996,23,17,1585,17.6,2,1,2,0,0,1,0,0.11,0.06,0.17,0.11,0.17,1.6,1.6,2.0,3.6,0.09,0.11,0.2,0.09,0.2,Matches
236,228,Daniel James,wls WAL,FW,Manchester Utd,24-177,1997,2,2,126,1.4,0,0,0,0,0,0,0,0.0,0.0,0.0,0.0,0.0,0.2,0.2,0.0,0.3,0.17,0.01,0.19,0.17,0.19,Matches
237,229,Daniel James,wls WAL,"FW,MF",Leeds United,24-177,1997,30,27,2253,25.0,4,4,4,0,0,7,0,0.16,0.16,0.32,0.16,0.32,5.7,5.7,2.4,8.1,0.23,0.1,0.32,0.23,0.32,Matches
238,230,Reece James,eng ENG,DF,Chelsea,22-149,1999,22,18,1517,16.9,5,6,5,0,0,4,1,0.3,0.36,0.65,0.3,0.65,2.4,2.4,4.7,7.0,0.14,0.28,0.42,0.14,0.42,Matches
239,231,Vitaly Janelt,de GER,MF,Brentford,23-361,1998,29,26,2163,24.0,4,0,4,0,0,3,0,0.17,0.0,0.17,0.17,0.17,2.5,2.5,2.2,4.7,0.11,0.09,0.2,0.11,0.2,Matches
240,232,Pontus Jansson,se SWE,DF,Brentford,31-082,1991,34,34,3051,33.9,2,1,2,0,0,7,0,0.06,0.03,0.09,0.06,0.09,2.5,2.5,0.5,3.0,0.08,0.01,0.09,0.08,0.09,Matches
241,233,Mathias Jensen,dk DEN,MF,Brentford,26-125,1996,28,16,1368,15.2,0,1,0,0,0,0,0,0.0,0.07,0.07,0.0,0.07,1.4,1.4,3.1,4.5,0.09,0.2,0.29,0.09,0.29,Matches
242,234,Gabriel Jesus,br BRA,FW,Manchester City,25-033,1997,25,18,1635,18.2,8,8,7,1,1,0,0,0.44,0.44,0.88,0.39,0.83,9.1,8.3,5.3,13.6,0.5,0.29,0.79,0.46,0.75,Matches
243,235,Raúl Jiménez,mx MEX,FW,Wolves,31-001,1991,30,26,2290,25.4,6,3,5,1,1,9,2,0.24,0.12,0.35,0.2,0.31,6.2,5.6,2.0,7.7,0.24,0.08,0.32,0.22,0.3,Matches
244,236,Joelinton,br BRA,"MF,FW",Newcastle Utd,25-265,1996,32,27,2368,26.3,4,1,4,0,0,8,0,0.15,0.04,0.19,0.15,0.19,4.0,4.0,1.8,5.8,0.15,0.07,0.22,0.15,0.22,Matches
245,237,Ben Johnson,eng ENG,DF,West Ham,22-102,2000,18,16,1386,15.4,1,0,1,0,0,1,0,0.06,0.0,0.06,0.06,0.06,0.1,0.1,0.8,0.9,0.01,0.05,0.06,0.01,0.06,Matches
246,238,Curtis Jones,eng ENG,MF,Liverpool,21-096,2001,13,8,700,7.8,1,1,1,0,0,0,0,0.13,0.13,0.26,0.13,0.26,0.7,0.7,0.6,1.3,0.09,0.07,0.17,0.09,0.17,Matches
247,239,Phil Jones,eng ENG,DF,Manchester Utd,30-074,1992,4,2,163,1.8,0,0,0,0,0,0,0,0.0,0.0,0.0,0.0,0.0,0.0,0.0,0.0,0.0,0.0,0.01,0.01,0.0,0.01,Matches
248,240,Jorginho,it ITA,MF,Chelsea,30-137,1991,27,24,2093,23.3,6,2,0,6,7,4,0,0.26,0.09,0.34,0.0,0.09,5.7,0.4,2.6,3.0,0.25,0.11,0.36,0.02,0.13,Matches
249,241,Diogo Jota,pt POR,FW,Liverpool,25-153,1996,31,24,2101,23.3,15,3,15,0,0,3,0,0.64,0.13,0.77,0.64,0.77,15.0,15.0,5.2,20.3,0.64,0.22,0.87,0.64,0.87,Matches
250,242,James Justin,eng ENG,DF,Leicester City,24-072,1998,10,8,728,8.1,0,0,0,0,0,0,0,0.0,0.0,0.0,0.0,0.0,0.6,0.6,0.8,1.5,0.08,0.1,0.18,0.08,0.18,Matches
251,243,Mathias Jørgensen,dk DEN,DF,Brentford,32-013,1990,8,6,518,5.8,1,0,1,0,0,2,0,0.17,0.0,0.17,0.17,0.17,0.1,0.1,0.1,0.2,0.02,0.02,0.03,0.02,0.03,Matches
252,244,Ozan Kabak,tr TUR,DF,Norwich City,22-042,2000,11,11,922,10.2,0,0,0,0,0,2,0,0.0,0.0,0.0,0.0,0.0,0.2,0.2,0.0,0.2,0.02,0.0,0.02,0.02,0.02,Matches
253,245,Christian Kabasele,be BEL,DF,Watford,31-071,1991,13,9,923,10.3,0,0,0,0,0,0,0,0.0,0.0,0.0,0.0,0.0,0.3,0.3,0.0,0.3,0.03,0.0,0.03,0.03,0.03,Matches
254,246,Samuel Kalu,ng NGA,"FW,MF",Watford,24-253,1997,2,0,47,0.5,0,0,0,0,0,0,0,0.0,0.0,0.0,0.0,0.0,0.0,0.0,0.0,0.0,0.04,0.0,0.04,0.04,0.04,Matches
255,247,Hassane Kamara,ci CIV,DF,Watford,28-062,1994,16,16,1433,15.9,1,0,1,0,0,3,0,0.06,0.0,0.06,0.06,0.06,0.1,0.1,0.4,0.6,0.01,0.03,0.04,0.01,0.04,Matches
256,248,Harry Kane,eng ENG,FW,Tottenham,28-282,1993,33,32,2872,31.9,13,8,11,2,2,5,0,0.41,0.25,0.66,0.34,0.6,16.1,14.6,8.0,22.6,0.5,0.25,0.76,0.46,0.71,Matches
257,249,N'Golo Kanté,fr FRA,MF,Chelsea,31-038,1991,24,19,1612,17.9,2,4,2,0,0,1,0,0.11,0.22,0.33,0.11,0.33,1.8,1.8,2.1,4.0,0.1,0.12,0.22,0.1,0.22,Matches
258,250,Edo Kayembe,cd COD,MF,Watford,23-276,1998,9,5,450,5.0,0,0,0,0,0,0,0,0.0,0.0,0.0,0.0,0.0,0.1,0.1,0.3,0.3,0.01,0.05,0.06,0.01,0.06,Matches
260,251,Moise Kean,it ITA,FW,Everton,22-067,2000,1,0,1,0.0,0,0,0,0,0,0,0,0.0,0.0,0.0,0.0,0.0,0.0,0.0,0.0,0.0,0.0,0.0,0.0,0.0,0.0,Matches
261,252,Michael Keane,eng ENG,DF,Everton,29-115,1993,28,28,2449,27.2,2,2,2,0,0,3,1,0.07,0.07,0.15,0.07,0.15,0.9,0.9,0.6,1.5,0.03,0.02,0.06,0.03,0.06,Matches
262,253,Naby Keïta,gn GUI,MF,Liverpool,27-085,1995,19,12,1003,11.1,3,1,3,0,0,2,0,0.27,0.09,0.36,0.27,0.36,1.9,1.9,1.4,3.3,0.17,0.12,0.3,0.17,0.3,Matches
263,254,Caoimhín Kelleher,ie IRL,GK,Liverpool,23-164,1998,2,2,180,2.0,0,0,0,0,0,0,0,0.0,0.0,0.0,0.0,0.0,0.0,0.0,0.0,0.0,0.0,0.0,0.0,0.0,0.0,Matches
264,255,Jonjoe Kenny,eng ENG,DF,Everton,25-052,1997,11,10,883,9.8,0,1,0,0,0,3,1,0.0,0.1,0.1,0.0,0.1,0.3,0.3,0.5,0.8,0.03,0.05,0.09,0.03,0.09,Matches
265,256,Max Kilman,eng ENG,DF,Wolves,24-348,1997,30,30,2687,29.9,1,0,1,0,0,3,0,0.03,0.0,0.03,0.03,0.03,1.0,1.0,0.0,1.0,0.03,0.0,0.03,0.03,0.03,Matches
266,257,Joshua King,no NOR,FW,Watford,30-111,1992,30,25,2087,23.2,5,3,4,1,1,4,0,0.22,0.13,0.34,0.17,0.3,8.0,7.2,3.1,10.3,0.34,0.14,0.48,0.31,0.45,Matches
267,258,Kristoffer Klaesson,no NOR,GK,Leeds United,21-160,2000,1,0,36,0.4,0,0,0,0,0,0,0,0.0,0.0,0.0,0.0,0.0,0.0,0.0,0.0,0.0,0.0,0.0,0.0,0.0,0.0,Matches
268,259,Mateusz Klich,pl POL,MF,Leeds United,31-327,1990,29,24,1908,21.2,1,2,1,0,0,4,0,0.05,0.09,0.14,0.05,0.14,2.5,2.5,2.0,4.5,0.12,0.1,0.21,0.12,0.21,Matches
269,260,Robin Koch,de GER,"MF,DF",Leeds United,25-293,1996,16,13,1237,13.7,0,0,0,0,0,3,0,0.0,0.0,0.0,0.0,0.0,0.5,0.5,0.5,1.0,0.03,0.04,0.07,0.03,0.07,Matches
270,261,Sead Kolašinac,ba BIH,DF,Arsenal,28-320,1993,2,1,91,1.0,0,0,0,0,0,1,0,0.0,0.0,0.0,0.0,0.0,0.0,0.0,0.0,0.0,0.0,0.0,0.0,0.0,0.0,Matches
271,262,Ibrahima Konaté,fr FRA,DF,Liverpool,22-346,1999,8,8,720,8.0,0,0,0,0,0,2,0,0.0,0.0,0.0,0.0,0.0,0.1,0.1,0.1,0.2,0.01,0.01,0.03,0.01,0.03,Matches
272,263,Ezri Konsa,eng ENG,DF,Aston Villa,24-195,1997,26,26,2248,25.0,2,0,2,0,0,6,2,0.08,0.0,0.08,0.08,0.08,1.5,1.5,0.3,1.7,0.06,0.01,0.07,0.06,0.07,Matches
273,264,Cheikhou Kouyaté,sn SEN,MF,Crystal Palace,32-136,1989,25,22,1860,20.7,0,1,0,0,0,2,0,0.0,0.05,0.05,0.0,0.05,0.5,0.5,0.7,1.2,0.03,0.03,0.06,0.03,0.06,Matches
274,265,Mateo Kovačić,hr CRO,MF,Chelsea,28-000,1994,23,14,1439,16.0,2,5,2,0,0,4,0,0.13,0.31,0.44,0.13,0.44,1.5,1.5,3.4,5.0,0.1,0.21,0.31,0.1,0.31,Matches
275,266,Emil Krafth,se SWE,DF,Newcastle Utd,27-277,1994,18,16,1477,16.4,0,1,0,0,0,5,0,0.0,0.06,0.06,0.0,0.06,0.2,0.2,0.6,0.8,0.01,0.04,0.05,0.01,0.05,Matches
276,267,Alex Král,cz CZE,MF,West Ham,23-352,1998,1,0,1,0.0,0,0,0,0,0,0,0,0.0,0.0,0.0,0.0,0.0,0.0,0.0,0.0,0.0,0.0,0.0,0.0,0.0,0.0,Matches
277,268,Tim Krul,nl NED,GK,Norwich City,34-033,1988,27,27,2430,27.0,0,0,0,0,0,1,0,0.0,0.0,0.0,0.0,0.0,0.0,0.0,0.4,0.4,0.0,0.02,0.02,0.0,0.02,Matches
278,269,Juraj Kucka,sk SVK,MF,Watford,35-069,1987,26,22,1920,21.3,1,1,1,0,0,5,1,0.05,0.05,0.09,0.05,0.09,3.1,3.1,0.9,4.0,0.15,0.04,0.19,0.15,0.19,Matches
279,270,Dejan Kulusevski,se SWE,"MF,FW",Tottenham,22-011,2000,14,11,1027,11.4,3,8,3,0,0,2,0,0.26,0.7,0.96,0.26,0.96,2.5,2.5,3.4,5.9,0.22,0.3,0.52,0.22,0.52,Matches
280,271,Alexandre Lacazette,fr FRA,"FW,MF",Arsenal,30-343,1991,26,20,1710,19.0,4,7,2,2,3,0,0,0.21,0.37,0.58,0.11,0.47,7.8,5.5,1.9,7.5,0.41,0.1,0.51,0.29,0.39,Matches
281,272,Adam Lallana,eng ENG,MF,Brighton,33-361,1988,23,18,1544,17.2,0,1,0,0,0,4,0,0.0,0.06,0.06,0.0,0.06,1.2,1.2,0.7,1.9,0.07,0.04,0.11,0.07,0.11,Matches
282,273,Tariq Lamptey,eng ENG,"DF,FW",Brighton,21-218,2000,27,16,1526,17.0,0,2,0,0,0,3,0,0.0,0.12,0.12,0.0,0.12,0.7,0.7,2.0,2.7,0.04,0.12,0.16,0.04,0.16,Matches
283,274,Manuel Lanzini,ar ARG,MF,West Ham,29-080,1993,27,16,1540,17.1,4,3,2,2,2,2,0,0.23,0.18,0.41,0.12,0.29,2.7,1.2,2.1,3.3,0.16,0.12,0.28,0.07,0.19,Matches
284,275,Aymeric Laporte,es ESP,DF,Manchester City,27-344,1994,29,29,2502,27.8,3,0,3,0,0,5,1,0.11,0.0,0.11,0.11,0.11,3.5,3.5,0.4,3.9,0.13,0.01,0.14,0.13,0.14,Matches
286,276,Jamaal Lascelles,eng ENG,DF,Newcastle Utd,28-176,1993,23,20,1836,20.4,1,0,1,0,0,5,0,0.05,0.0,0.05,0.05,0.05,0.7,0.7,0.3,0.9,0.03,0.01,0.05,0.03,0.05,Matches
287,277,Pierre Lees-Melou,fr FRA,MF,Norwich City,28-346,1993,29,23,1970,21.9,1,0,1,0,0,5,0,0.05,0.0,0.05,0.05,0.05,1.5,1.5,1.7,3.2,0.07,0.08,0.15,0.07,0.15,Matches
288,278,Aaron Lennon,eng ENG,MF,Burnley,35-020,1987,24,16,1443,16.0,2,0,2,0,0,2,0,0.12,0.0,0.12,0.12,0.12,1.0,1.0,0.5,1.5,0.06,0.03,0.1,0.06,0.1,Matches
289,279,Bernd Leno,de GER,GK,Arsenal,30-063,1992,4,4,360,4.0,0,0,0,0,0,0,0,0.0,0.0,0.0,0.0,0.0,0.0,0.0,0.0,0.0,0.0,0.0,0.0,0.0,0.0,Matches
290,280,Jamal Lewis,nir NIR,DF,Newcastle Utd,24-101,1998,5,4,262,2.9,0,0,0,0,0,1,0,0.0,0.0,0.0,0.0,0.0,0.0,0.0,0.0,0.0,0.0,0.01,0.01,0.0,0.01,Matches
291,281,Victor Lindelöf,se SWE,DF,Manchester Utd,27-293,1994,26,24,2175,24.2,0,2,0,0,0,3,0,0.0,0.08,0.08,0.0,0.08,0.3,0.3,0.5,0.8,0.01,0.02,0.03,0.01,0.03,Matches
292,282,Jesse Lingard,eng ENG,"FW,MF",Manchester Utd,29-142,1992,16,2,367,4.1,2,0,2,0,0,1,0,0.49,0.0,0.49,0.49,0.49,0.7,0.7,0.4,1.1,0.17,0.1,0.26,0.17,0.26,Matches
293,283,Valentino Livramento,eng ENG,DF,Southampton,19-175,2002,28,25,2202,24.5,1,1,1,0,0,2,0,0.04,0.04,0.08,0.04,0.08,1.2,1.2,2.3,3.4,0.05,0.09,0.14,0.05,0.14,Matches
294,284,Diego Llorente,es ESP,DF,Leeds United,28-263,1993,24,24,1980,22.0,2,0,2,0,0,7,0,0.09,0.0,0.09,0.09,0.09,1.0,1.0,0.1,1.1,0.05,0.0,0.05,0.05,0.05,Matches
295,285,Hugo Lloris,fr FRA,GK,Tottenham,35-131,1986,34,34,3060,34.0,0,0,0,0,0,1,0,0.0,0.0,0.0,0.0,0.0,0.0,0.0,0.5,0.5,0.0,0.01,0.01,0.0,0.01,Matches
296,286,Giovani Lo Celso,ar ARG,"MF,FW",Tottenham,26-027,1996,9,2,238,2.6,0,0,0,0,0,0,0,0.0,0.0,0.0,0.0,0.0,0.7,0.7,0.6,1.4,0.28,0.24,0.52,0.28,0.52,Matches
297,287,Jürgen Locadia,nl NED,FW,Brighton,28-180,1993,1,0,23,0.3,0,0,0,0,0,0,0,0.0,0.0,0.0,0.0,0.0,0.1,0.1,0.0,0.1,0.45,0.0,0.45,0.45,0.45,Matches
298,288,Ruben Loftus-Cheek,eng ENG,"MF,DF",Chelsea,26-103,1996,21,12,1224,13.6,0,2,0,0,0,1,0,0.0,0.15,0.15,0.0,0.15,1.2,1.2,1.8,2.9,0.09,0.13,0.22,0.09,0.22,Matches
299,289,Kevin Long,ie IRL,DF,Burnley,31-261,1990,2,1,96,1.1,0,0,0,0,0,0,0,0.0,0.0,0.0,0.0,0.0,0.0,0.0,0.0,0.0,0.02,0.0,0.02,0.02,0.02,Matches
300,290,Shane Long,ie IRL,FW,Southampton,35-104,1987,12,3,300,3.3,1,0,1,0,0,1,0,0.3,0.0,0.3,0.3,0.3,1.0,1.0,0.1,1.1,0.31,0.03,0.34,0.31,0.34,Matches
301,291,Sean Longstaff,eng ENG,MF,Newcastle Utd,24-188,1997,21,12,1194,13.3,1,1,1,0,0,1,0,0.08,0.08,0.15,0.08,0.15,1.2,1.2,0.4,1.6,0.09,0.03,0.12,0.09,0.12,Matches
302,292,Ademola Lookman,ng NGA,"FW,MF",Leicester City,24-198,1997,23,15,1383,15.4,6,0,6,0,0,2,0,0.39,0.0,0.39,0.39,0.39,4.5,4.5,1.9,6.3,0.29,0.12,0.41,0.29,0.41,Matches
303,293,Jonas Lössl,dk DEN,GK,Brentford,33-094,1989,2,2,180,2.0,0,0,0,0,0,0,0,0.0,0.0,0.0,0.0,0.0,0.0,0.0,0.0,0.0,0.0,0.0,0.0,0.0,0.0,Matches
304,294,Imran Louza,ma MAR,MF,Watford,23-005,1999,20,17,1416,15.7,0,0,0,0,0,6,0,0.0,0.0,0.0,0.0,0.0,1.1,1.1,1.0,2.1,0.07,0.06,0.14,0.07,0.14,Matches
305,295,Matthew Lowton,eng ENG,DF,Burnley,32-331,1989,23,19,1690,18.8,1,2,1,0,0,3,0,0.05,0.11,0.16,0.05,0.16,0.6,0.6,1.3,1.9,0.03,0.07,0.1,0.03,0.1,Matches
306,296,Douglas Luiz,br BRA,MF,Aston Villa,23-362,1998,29,26,2265,25.2,1,3,1,0,0,7,0,0.04,0.12,0.16,0.04,0.16,1.2,1.2,2.3,3.5,0.05,0.09,0.14,0.05,0.14,Matches
307,297,Romelu Lukaku,be BEL,FW,Chelsea,28-358,1993,23,13,1333,14.8,5,0,5,0,0,0,0,0.34,0.0,0.34,0.34,0.34,4.7,4.7,2.2,6.9,0.32,0.15,0.47,0.32,0.47,Matches
308,298,Lyanco,br BRA,DF,Southampton,25-094,1997,13,7,731,8.1,0,0,0,0,0,2,0,0.0,0.0,0.0,0.0,0.0,0.2,0.2,0.1,0.3,0.02,0.02,0.04,0.02,0.04,Matches
309,299,Alexis Mac Allister,ar ARG,"MF,FW",Brighton,23-133,1998,30,19,1877,20.9,5,2,3,2,3,4,0,0.24,0.1,0.34,0.14,0.24,5.4,3.1,1.2,4.4,0.26,0.06,0.32,0.15,0.21,Matches
310,300,James Maddison,eng ENG,"MF,FW",Leicester City,25-164,1996,31,24,2108,23.4,8,5,8,0,0,3,0,0.34,0.21,0.56,0.34,0.56,6.3,6.3,4.0,10.3,0.27,0.17,0.44,0.27,0.44,Matches
312,301,Harry Maguire,eng ENG,DF,Manchester Utd,29-062,1993,28,27,2404,26.7,1,0,1,0,0,9,1,0.04,0.0,0.04,0.04,0.04,1.6,1.6,0.2,1.8,0.06,0.01,0.07,0.06,0.07,Matches
313,302,Riyad Mahrez,dz ALG,FW,Manchester City,31-074,1991,25,13,1339,14.9,11,5,7,4,4,0,0,0.74,0.34,1.08,0.47,0.81,9.1,6.1,3.4,9.5,0.61,0.23,0.84,0.41,0.64,Matches
314,303,Ainsley Maitland-Niles,eng ENG,MF,Arsenal,24-250,1997,8,2,268,3.0,0,0,0,0,0,0,0,0.0,0.0,0.0,0.0,0.0,0.0,0.0,0.3,0.4,0.01,0.12,0.13,0.01,0.13,Matches
315,304,Sadio Mané,sn SEN,FW,Liverpool,30-026,1992,31,29,2549,28.3,14,2,14,0,0,5,0,0.49,0.07,0.56,0.49,0.56,15.6,15.6,4.0,19.5,0.55,0.14,0.69,0.55,0.69,Matches
316,305,Javier Manquillo,es ESP,DF,Newcastle Utd,28-001,1994,19,15,1257,14.0,1,2,1,0,0,5,0,0.07,0.14,0.21,0.07,0.21,0.5,0.5,0.3,0.8,0.03,0.02,0.06,0.03,0.06,Matches
317,306,Fernando Marçal,br BRA,DF,Wolves,33-076,1989,18,17,1449,16.1,0,0,0,0,0,3,0,0.0,0.0,0.0,0.0,0.0,0.5,0.5,0.7,1.2,0.03,0.04,0.08,0.03,0.08,Matches
318,307,Solly March,eng ENG,"DF,FW",Brighton,27-290,1994,28,14,1536,17.1,0,1,0,0,0,1,0,0.0,0.06,0.06,0.0,0.06,1.2,1.2,2.3,3.5,0.07,0.14,0.21,0.07,0.21,Matches
319,308,Pablo Marí,es ESP,DF,Arsenal,28-248,1993,2,2,180,2.0,0,0,0,0,0,1,0,0.0,0.0,0.0,0.0,0.0,0.3,0.3,0.1,0.4,0.15,0.05,0.21,0.15,0.21,Matches
320,309,Anthony Martial,fr FRA,FW,Manchester Utd,26-152,1995,8,2,212,2.4,1,0,1,0,0,0,0,0.42,0.0,0.42,0.42,0.42,0.4,0.4,0.1,0.6,0.19,0.06,0.25,0.19,0.25,Matches
321,310,Martinelli,br BRA,"FW,MF",Arsenal,20-322,2001,25,18,1592,17.7,5,4,5,0,0,3,1,0.28,0.23,0.51,0.28,0.51,5.0,5.0,2.2,7.1,0.28,0.12,0.4,0.28,0.4,Matches
322,311,Emiliano Martínez,ar ARG,GK,Aston Villa,29-246,1992,32,32,2880,32.0,0,0,0,0,0,4,0,0.0,0.0,0.0,0.0,0.0,0.0,0.0,0.0,0.0,0.0,0.0,0.0,0.0,0.0,Matches
323,312,Adam Masina,ma MAR,DF,Watford,28-124,1994,11,11,866,9.6,0,0,0,0,0,0,0,0.0,0.0,0.0,0.0,0.0,0.2,0.2,0.5,0.7,0.02,0.05,0.08,0.02,0.08,Matches
324,313,Arthur Masuaku,cd COD,"DF,FW",West Ham,28-180,1993,13,6,650,7.2,1,1,1,0,0,1,0,0.14,0.14,0.28,0.14,0.28,0.1,0.1,0.9,1.0,0.01,0.12,0.14,0.01,0.14,Matches
325,314,Juan Mata,es ESP,MF,Manchester Utd,34-008,1988,5,1,137,1.5,0,0,0,0,0,0,0,0.0,0.0,0.0,0.0,0.0,0.2,0.2,0.0,0.2,0.13,0.0,0.13,0.13,0.13,Matches
326,315,Jean-Philippe Mateta,fr FRA,FW,Crystal Palace,24-312,1997,19,11,987,11.0,4,1,4,0,0,2,0,0.36,0.09,0.46,0.36,0.46,4.4,4.4,1.3,5.7,0.4,0.12,0.52,0.4,0.52,Matches
327,316,Nemanja Matić,rs SRB,MF,Manchester Utd,33-278,1988,22,15,1337,14.9,0,4,0,0,0,3,0,0.0,0.27,0.27,0.0,0.27,0.1,0.1,1.6,1.8,0.01,0.11,0.12,0.01,0.12,Matches
328,317,Joël Matip,cm CMR,DF,Liverpool,30-271,1991,28,28,2520,28.0,1,2,1,0,0,1,0,0.04,0.07,0.11,0.04,0.11,2.1,2.1,0.8,2.9,0.08,0.03,0.1,0.08,0.1,Matches
329,318,Neal Maupay,fr FRA,FW,Brighton,25-265,1996,30,25,2223,24.7,8,2,7,1,2,6,0,0.32,0.08,0.4,0.28,0.36,7.5,6.0,2.2,8.1,0.3,0.09,0.39,0.24,0.33,Matches
330,319,Bryan Mbeumo,fr FRA,"FW,MF",Brentford,22-272,1999,32,31,2645,29.4,4,7,3,1,1,4,0,0.14,0.24,0.37,0.1,0.34,8.9,8.2,3.4,11.6,0.3,0.12,0.42,0.28,0.39,Matches
331,320,James McArthur,sct SCO,MF,Crystal Palace,34-211,1987,20,15,1431,15.9,0,3,0,0,0,4,0,0.0,0.19,0.19,0.0,0.19,0.3,0.3,1.1,1.4,0.02,0.07,0.09,0.02,0.09,Matches
332,321,James Mcatee,eng ENG,"MF,FW",Manchester City,19-200,2002,2,0,20,0.2,0,0,0,0,0,0,0,0.0,0.0,0.0,0.0,0.0,0.0,0.0,0.0,0.0,0.19,0.0,0.19,0.19,0.19,Matches
333,322,Kasey McAteer,eng ENG,FW,Leicester City,20-165,2001,1,0,3,0.0,0,0,0,0,0,0,0,0.0,0.0,0.0,0.0,0.0,0.0,0.0,0.0,0.0,0.0,0.0,0.0,0.0,0.0,Matches
334,323,Liam McCarron,sct SCO,FW,Leeds United,21-060,2001,1,0,10,0.1,0,0,0,0,0,0,0,0.0,0.0,0.0,0.0,0.0,0.0,0.0,0.0,0.0,0.0,0.0,0.0,0.0,0.0,Matches
335,324,Alex McCarthy,eng ENG,GK,Southampton,32-154,1989,15,15,1350,15.0,0,0,0,0,0,1,0,0.0,0.0,0.0,0.0,0.0,0.0,0.0,0.0,0.0,0.0,0.0,0.0,0.0,0.0,Matches
336,325,John McGinn,sct SCO,MF,Aston Villa,27-200,1994,30,30,2640,29.3,3,2,3,0,0,8,0,0.1,0.07,0.17,0.1,0.17,1.3,1.3,3.9,5.2,0.05,0.13,0.18,0.05,0.18,Matches
338,326,Stuart McKinstry,sct SCO,MF,Leeds United,19-230,2002,1,0,4,0.0,0,0,0,0,0,0,0,0.0,0.0,0.0,0.0,0.0,0.0,0.0,0.0,0.0,0.0,0.0,0.0,0.0,0.0,Matches
339,327,Kenny McLean,sct SCO,MF,Norwich City,30-118,1992,31,29,2706,30.1,1,0,1,0,0,3,0,0.03,0.0,0.03,0.03,0.03,1.9,1.9,0.7,2.6,0.06,0.02,0.09,0.06,0.09,Matches
340,328,Dwight McNeil,eng ENG,MF,Burnley,22-165,1999,34,31,2759,30.7,0,1,0,0,0,1,0,0.0,0.03,0.03,0.0,0.03,1.9,1.9,4.3,6.2,0.06,0.14,0.2,0.06,0.2,Matches
341,329,Scott McTominay,sct SCO,MF,Manchester Utd,25-149,1996,28,26,2207,24.5,1,1,1,0,0,9,0,0.04,0.04,0.08,0.04,0.08,1.2,1.2,1.6,2.8,0.05,0.07,0.11,0.05,0.11,Matches
342,330,Ben Mee,eng ENG,DF,Burnley,32-225,1989,21,21,1839,20.4,3,0,3,0,0,3,0,0.15,0.0,0.15,0.15,0.15,1.8,1.8,0.1,1.9,0.09,0.0,0.09,0.09,0.09,Matches
343,331,Hannibal Mejbri,tn TUN,FW,Manchester Utd,19-105,2003,1,0,7,0.1,0,0,0,0,0,1,0,0.0,0.0,0.0,0.0,0.0,0.0,0.0,0.0,0.0,0.0,0.0,0.0,0.0,0.0,Matches
344,332,Benjamin Mendy,fr FRA,DF,Manchester City,27-293,1994,1,1,78,0.9,0,0,0,0,0,0,0,0.0,0.0,0.0,0.0,0.0,0.0,0.0,0.3,0.3,0.0,0.3,0.3,0.0,0.3,Matches
345,333,Edouard Mendy,sn SEN,GK,Chelsea,30-066,1992,30,30,2700,30.0,0,0,0,0,0,3,0,0.0,0.0,0.0,0.0,0.0,0.0,0.0,0.0,0.0,0.0,0.0,0.0,0.0,0.0,Matches
346,334,Nampalys Mendy,sn SEN,MF,Leicester City,29-317,1992,9,8,697,7.7,0,0,0,0,0,2,0,0.0,0.0,0.0,0.0,0.0,0.0,0.0,0.0,0.0,0.0,0.0,0.0,0.0,0.0,Matches
347,335,Illan Meslier,fr FRA,GK,Leeds United,22-065,2000,34,34,3024,33.6,0,0,0,0,0,2,0,0.0,0.0,0.0,0.0,0.0,0.0,0.0,0.0,0.0,0.0,0.0,0.0,0.0,0.0,Matches
348,336,Luka Milivojević,rs SRB,MF,Crystal Palace,31-029,1991,13,8,663,7.4,0,0,0,0,0,1,0,0.0,0.0,0.0,0.0,0.0,0.2,0.2,0.6,0.8,0.03,0.08,0.11,0.03,0.11,Matches
349,337,James Milner,eng ENG,"MF,DF",Liverpool,36-122,1986,22,8,718,8.0,0,1,0,0,0,2,0,0.0,0.13,0.13,0.0,0.13,0.2,0.2,1.8,2.1,0.03,0.23,0.26,0.03,0.26,Matches
350,338,Yerry Mina,co COL,DF,Everton,27-225,1994,12,10,829,9.2,0,0,0,0,0,3,0,0.0,0.0,0.0,0.0,0.0,0.3,0.3,0.0,0.3,0.03,0.0,0.03,0.03,0.03,Matches
351,339,Takumi Minamino,jp JPN,"FW,MF",Liverpool,27-110,1995,10,0,96,1.1,2,0,2,0,0,1,0,1.87,0.0,1.87,1.87,1.87,1.5,1.5,0.4,1.9,1.4,0.42,1.82,1.4,1.82,Matches
352,340,Tyrone Mings,eng ENG,DF,Aston Villa,29-054,1993,31,30,2739,30.4,1,3,1,0,0,9,0,0.03,0.1,0.13,0.03,0.13,1.4,1.4,1.4,2.8,0.05,0.05,0.09,0.05,0.09,Matches
353,341,Tyrick Mitchell,eng ENG,DF,Crystal Palace,22-247,1999,32,32,2813,31.3,0,2,0,0,0,1,0,0.0,0.06,0.06,0.0,0.06,0.3,0.3,1.3,1.5,0.01,0.04,0.05,0.01,0.05,Matches
354,342,Jakub Moder,pl POL,"MF,FW",Brighton,23-029,1999,28,19,1701,18.9,0,3,0,0,0,1,0,0.0,0.16,0.16,0.0,0.16,2.4,2.4,1.7,4.1,0.13,0.09,0.22,0.13,0.22,Matches
355,343,Wesley Moraes,br BRA,FW,Aston Villa,25-161,1996,1,0,1,0.0,0,0,0,0,0,0,0,0.0,0.0,0.0,0.0,0.0,0.0,0.0,0.0,0.0,0.0,0.0,0.0,0.0,0.0,Matches
356,344,Tyler Morton,eng ENG,MF,Liverpool,19-187,2002,2,1,66,0.7,0,0,0,0,0,1,0,0.0,0.0,0.0,0.0,0.0,0.0,0.0,0.0,0.0,0.0,0.0,0.0,0.0,0.0,Matches
357,345,Mason Mount,eng ENG,"MF,FW",Chelsea,23-116,1999,30,25,2185,24.3,10,9,9,1,1,4,0,0.41,0.37,0.78,0.37,0.74,8.0,7.2,6.1,13.3,0.33,0.25,0.58,0.3,0.55,Matches
358,346,Lucas Moura,br BRA,"FW,MF",Tottenham,29-266,1992,31,18,1655,18.4,2,5,2,0,0,3,0,0.11,0.27,0.38,0.11,0.38,3.5,3.5,3.6,7.1,0.19,0.2,0.39,0.19,0.39,Matches
359,347,João Moutinho,pt POR,MF,Wolves,35-240,1986,31,30,2616,29.1,2,1,2,0,0,3,0,0.07,0.03,0.1,0.07,0.1,1.0,1.0,2.3,3.3,0.03,0.08,0.11,0.03,0.11,Matches
360,348,Bali Mumba,eng ENG,DF,Norwich City,20-210,2001,1,0,45,0.5,0,0,0,0,0,0,0,0.0,0.0,0.0,0.0,0.0,0.0,0.0,0.0,0.0,0.0,0.0,0.0,0.0,0.0,Matches
361,349,Jacob Murphy,eng ENG,"DF,FW",Newcastle Utd,27-071,1995,30,13,1367,15.2,1,2,1,0,0,4,0,0.07,0.13,0.2,0.07,0.2,2.7,2.7,1.8,4.5,0.18,0.12,0.3,0.18,0.3,Matches
362,350,Enock Mwepu,zm ZAM,"MF,FW",Brighton,24-125,1998,17,12,984,10.9,2,4,2,0,0,2,0,0.18,0.37,0.55,0.18,0.55,1.8,1.8,1.4,3.2,0.17,0.12,0.29,0.17,0.29,Matches
364,351,Vitaliy Mykolenko,ua UKR,DF,Everton,22-342,1999,9,8,720,8.0,0,0,0,0,0,0,0,0.0,0.0,0.0,0.0,0.0,0.5,0.5,0.6,1.1,0.06,0.08,0.14,0.06,0.14,Matches
365,352,Marvelous Nakamba,zw ZIM,MF,Aston Villa,28-107,1994,13,8,759,8.4,0,0,0,0,0,4,0,0.0,0.0,0.0,0.0,0.0,0.0,0.0,0.1,0.1,0.0,0.01,0.01,0.0,0.01,Matches
366,353,Wilfred Ndidi,ng NGA,"MF,DF",Leicester City,25-141,1996,19,18,1618,18.0,0,0,0,0,0,4,0,0.0,0.0,0.0,0.0,0.0,1.0,1.0,0.0,1.0,0.06,0.0,0.06,0.06,0.06,Matches
367,354,Tanguy Ndombele,fr FRA,MF,Tottenham,25-129,1996,9,6,484,5.4,1,1,1,0,0,1,0,0.19,0.19,0.37,0.19,0.37,0.5,0.5,0.4,0.9,0.09,0.07,0.16,0.09,0.16,Matches
368,355,Reiss Nelson,eng ENG,FW,Arsenal,22-147,1999,1,0,20,0.2,0,0,0,0,0,0,0,0.0,0.0,0.0,0.0,0.0,0.0,0.0,0.0,0.1,0.16,0.18,0.35,0.16,0.35,Matches
369,356,Pedro Neto,pt POR,"MF,FW",Wolves,22-058,2000,9,1,231,2.6,0,0,0,0,0,2,0,0.0,0.0,0.0,0.0,0.0,0.5,0.5,0.4,0.9,0.21,0.14,0.35,0.21,0.35,Matches
370,357,Rúben Neves,pt POR,MF,Wolves,25-054,1997,29,27,2315,25.7,4,2,4,0,0,9,0,0.16,0.08,0.23,0.16,0.23,1.1,1.1,1.7,2.9,0.04,0.07,0.11,0.04,0.11,Matches
371,358,Jeremy Ngakia,eng ENG,DF,Watford,21-241,2000,14,7,723,8.0,0,0,0,0,0,0,0,0.0,0.0,0.0,0.0,0.0,0.1,0.1,0.3,0.4,0.01,0.04,0.05,0.01,0.05,Matches
372,359,Saúl Ñíguez,es ESP,"DF,MF",Chelsea,27-166,1994,8,4,345,3.8,0,0,0,0,0,1,0,0.0,0.0,0.0,0.0,0.0,0.1,0.1,0.2,0.4,0.04,0.06,0.1,0.04,0.1,Matches
373,360,Eddie Nketiah,eng ENG,FW,Arsenal,22-341,1999,17,4,518,5.8,2,1,2,0,0,2,0,0.35,0.17,0.52,0.35,0.52,2.9,2.9,1.3,4.2,0.5,0.23,0.72,0.5,0.72,Matches
374,361,Nicolas Nkoulou,cm CMR,DF,Watford,32-040,1990,3,2,168,1.9,0,0,0,0,0,0,0,0.0,0.0,0.0,0.0,0.0,0.0,0.0,0.0,0.0,0.0,0.01,0.01,0.0,0.01,Matches
375,362,Mark Noble,eng ENG,MF,West Ham,34-363,1987,8,3,284,3.2,1,0,0,1,2,0,0,0.32,0.0,0.32,0.0,0.0,1.5,0.0,0.2,0.2,0.48,0.06,0.54,0.0,0.06,Matches
376,363,Mathias Normann,no NOR,MF,Norwich City,25-343,1996,21,18,1486,16.5,1,2,1,0,0,4,0,0.06,0.12,0.18,0.06,0.18,0.8,0.8,1.4,2.2,0.05,0.08,0.13,0.05,0.13,Matches
377,364,Christian Nørgaard,dk DEN,MF,Brentford,28-057,1994,33,33,2874,31.9,3,2,3,0,0,7,0,0.09,0.06,0.16,0.09,0.16,3.0,3.0,2.4,5.4,0.1,0.07,0.17,0.1,0.17,Matches
378,365,Angelo Ogbonna,it ITA,DF,West Ham,33-348,1988,11,11,921,10.2,1,0,1,0,0,1,0,0.1,0.0,0.1,0.1,0.1,0.3,0.3,0.0,0.3,0.03,0.0,0.03,0.03,0.03,Matches
379,366,Michael Olise,fr FRA,"FW,MF",Crystal Palace,20-145,2001,25,11,1051,11.7,2,5,2,0,0,3,0,0.17,0.43,0.6,0.17,0.6,1.3,1.3,3.4,4.7,0.11,0.29,0.4,0.11,0.4,Matches
380,367,Andrew Omobamidele,ie IRL,DF,Norwich City,19-317,2002,5,4,382,4.2,1,0,1,0,0,1,0,0.24,0.0,0.24,0.24,0.24,0.3,0.3,0.0,0.3,0.08,0.0,0.08,0.08,0.08,Matches
381,368,Tyler Onyango,eng ENG,"MF,FW",Everton,19-063,2003,3,0,28,0.3,0,0,0,0,0,0,0,0.0,0.0,0.0,0.0,0.0,0.0,0.0,0.0,0.0,0.1,0.0,0.1,0.1,0.1,Matches
382,369,Frank Onyeka,ng NGA,MF,Brentford,24-125,1998,20,12,1045,11.6,0,0,0,0,0,4,0,0.0,0.0,0.0,0.0,0.0,1.1,1.1,0.2,1.3,0.1,0.02,0.11,0.1,0.11,Matches
383,370,Divock Origi,be BEL,FW,Liverpool,27-018,1995,6,0,107,1.2,3,0,3,0,0,0,0,2.52,0.0,2.52,2.52,2.52,1.6,1.6,0.0,1.6,1.35,0.0,1.35,1.35,1.35,Matches
384,371,Alex Oxlade-Chamberlain,eng ENG,"MF,FW",Liverpool,28-264,1993,17,9,785,8.7,2,1,2,0,0,0,0,0.23,0.11,0.34,0.23,0.34,1.2,1.2,0.9,2.1,0.14,0.11,0.24,0.14,0.24,Matches
385,372,Cole Palmer,eng ENG,"FW,MF",Manchester City,20-000,2002,4,1,123,1.4,0,0,0,0,0,0,0,0.0,0.0,0.0,0.0,0.0,0.3,0.3,0.2,0.5,0.23,0.17,0.39,0.23,0.39,Matches
386,373,Emerson Palmieri,it ITA,DF,Chelsea,27-276,1994,1,0,5,0.1,0,0,0,0,0,0,0,0.0,0.0,0.0,0.0,0.0,0.0,0.0,0.0,0.0,0.0,0.0,0.0,0.0,0.0,Matches
387,374,Thomas Partey,gh GHA,MF,Arsenal,28-327,1993,24,23,2028,22.5,2,1,2,0,0,6,0,0.09,0.04,0.13,0.09,0.13,2.5,2.5,1.3,3.8,0.11,0.06,0.17,0.11,0.17,Matches
388,375,João Pedro,br BRA,"FW,MF",Watford,20-222,2001,25,12,1374,15.3,2,1,2,0,0,1,0,0.13,0.07,0.2,0.13,0.2,2.9,2.9,2.6,5.5,0.19,0.17,0.36,0.19,0.36,Matches
390,376,Nicolas Pépé,ci CIV,"FW,MF",Arsenal,26-342,1995,17,5,642,7.1,1,1,1,0,0,0,0,0.14,0.14,0.28,0.14,0.28,2.9,2.9,1.6,4.5,0.4,0.23,0.63,0.4,0.63,Matches
391,377,Ricardo Pereira,pt POR,DF,Leicester City,28-212,1993,13,13,970,10.8,1,2,1,0,0,3,0,0.09,0.19,0.28,0.09,0.28,0.7,0.7,1.2,1.9,0.06,0.11,0.17,0.06,0.17,Matches
392,378,Ayoze Pérez,es ESP,"MF,FW",Leicester City,28-287,1993,11,5,359,4.0,0,3,0,0,0,0,1,0.0,0.75,0.75,0.0,0.75,1.1,1.1,0.8,2.0,0.28,0.21,0.49,0.28,0.49,Matches
393,379,Sonny Perkins,eng ENG,FW,West Ham,18-085,2004,1,0,4,0.0,0,0,0,0,0,0,0,0.0,0.0,0.0,0.0,0.0,0.0,0.0,0.0,0.0,0.0,0.0,0.0,0.0,0.0,Matches
394,380,Romain Perraud,fr FRA,DF,Southampton,24-226,1997,19,17,1533,17.0,0,1,0,0,0,3,0,0.0,0.06,0.06,0.0,0.06,0.8,0.8,0.5,1.4,0.05,0.03,0.08,0.05,0.08,Matches
395,381,Kalvin Phillips,eng ENG,MF,Leeds United,26-155,1995,16,14,1236,13.7,0,1,0,0,0,2,0,0.0,0.07,0.07,0.0,0.07,0.6,0.6,0.2,0.8,0.04,0.01,0.06,0.04,0.06,Matches
396,382,Jaden Philogene Bidace,eng ENG,FW,Aston Villa,19-353,2002,1,0,5,0.1,0,0,0,0,0,0,0,0.0,0.0,0.0,0.0,0.0,0.0,0.0,0.0,0.0,0.0,0.0,0.0,0.0,0.0,Matches
397,383,Jordan Pickford,eng ENG,GK,Everton,28-060,1994,31,31,2790,31.0,0,0,0,0,0,2,0,0.0,0.0,0.0,0.0,0.0,0.0,0.0,0.1,0.1,0.0,0.0,0.0,0.0,0.0,Matches
398,384,Erik Pieters,nl NED,DF,Burnley,33-272,1988,11,8,711,7.9,0,0,0,0,0,1,0,0.0,0.0,0.0,0.0,0.0,0.2,0.2,0.0,0.2,0.02,0.0,0.02,0.02,0.02,Matches
399,385,Ethan Pinnock,jm JAM,DF,Brentford,28-342,1993,32,32,2694,29.9,1,1,1,0,0,1,0,0.03,0.03,0.07,0.03,0.07,1.5,1.5,1.2,2.8,0.05,0.04,0.09,0.05,0.09,Matches
400,386,Daniel Podence,pt POR,"FW,MF",Wolves,26-197,1995,25,15,1468,16.3,2,3,2,0,0,2,0,0.12,0.18,0.31,0.12,0.31,1.9,1.9,3.8,5.7,0.12,0.23,0.35,0.12,0.35,Matches
401,387,Paul Pogba,fr FRA,"MF,FW",Manchester Utd,29-052,1993,20,16,1349,15.0,1,9,1,0,0,7,1,0.07,0.6,0.67,0.07,0.67,2.4,2.4,3.5,6.0,0.16,0.24,0.4,0.16,0.4,Matches
402,388,Nick Pope,eng ENG,GK,Burnley,30-017,1992,32,32,2880,32.0,0,0,0,0,0,0,0,0.0,0.0,0.0,0.0,0.0,0.0,0.0,0.2,0.2,0.0,0.01,0.01,0.0,0.01,Matches
403,389,Teemu Pukki,fi FIN,FW,Norwich City,32-038,1990,33,33,2893,32.1,10,3,7,3,3,4,0,0.31,0.09,0.4,0.22,0.31,9.2,6.9,2.7,9.6,0.29,0.08,0.37,0.22,0.3,Matches
404,390,Christian Pulisic,us USA,"FW,MF",Chelsea,23-230,1998,19,10,1052,11.7,5,1,5,0,0,2,0,0.43,0.09,0.51,0.43,0.51,4.1,4.1,0.7,4.8,0.35,0.06,0.41,0.35,0.41,Matches
405,391,Przemysław Płacheta,pl POL,"FW,MF",Norwich City,24-044,1998,10,6,460,5.1,0,0,0,0,0,1,0,0.0,0.0,0.0,0.0,0.0,0.5,0.5,0.3,0.8,0.1,0.06,0.16,0.1,0.16,Matches
406,392,Jesuran Rak Sakyi,eng ENG,MF,Crystal Palace,19-213,2002,1,0,14,0.2,0,0,0,0,0,0,0,0.0,0.0,0.0,0.0,0.0,0.0,0.0,0.0,0.0,0.0,0.0,0.0,0.0,0.0,Matches
407,393,Aaron Ramsdale,eng ENG,GK,Arsenal,23-357,1998,30,30,2700,30.0,0,0,0,0,0,1,0,0.0,0.0,0.0,0.0,0.0,0.0,0.0,0.0,0.0,0.0,0.0,0.0,0.0,0.0,Matches
408,394,Jacob Ramsey,eng ENG,MF,Aston Villa,20-343,2001,31,27,2289,25.4,6,1,6,0,0,6,0,0.24,0.04,0.28,0.24,0.28,3.8,3.8,2.0,5.7,0.15,0.08,0.23,0.15,0.23,Matches
409,395,Marcus Rashford,eng ENG,"FW,MF",Manchester Utd,24-187,1997,25,13,1235,13.7,4,2,4,0,0,2,0,0.29,0.15,0.44,0.29,0.44,2.4,2.4,2.0,4.4,0.18,0.14,0.32,0.18,0.32,Matches
410,396,Milot Rashica,xk KVX,"FW,MF",Norwich City,25-312,1996,28,22,2028,22.5,1,2,1,0,0,0,0,0.04,0.09,0.13,0.04,0.13,2.7,2.7,2.1,4.8,0.12,0.09,0.21,0.12,0.21,Matches
411,397,David Raya,es ESP,GK,Brentford,26-233,1995,21,21,1890,21.0,0,0,0,0,0,0,0,0.0,0.0,0.0,0.0,0.0,0.0,0.0,0.0,0.0,0.0,0.0,0.0,0.0,0.0,Matches
412,398,Nathan Redmond,eng ENG,"MF,FW",Southampton,28-061,1994,24,17,1571,17.5,0,5,0,0,0,0,0,0.0,0.29,0.29,0.0,0.29,1.8,1.8,4.2,6.1,0.1,0.24,0.35,0.1,0.35,Matches
413,399,Sergio Reguilón,es ESP,DF,Tottenham,25-141,1996,25,22,1916,21.3,2,3,2,0,0,4,0,0.09,0.14,0.23,0.09,0.23,3.0,3.0,4.0,7.0,0.14,0.19,0.33,0.14,0.33,Matches
414,400,Declan Rice,eng ENG,MF,West Ham,23-112,1999,33,32,2909,32.3,1,4,1,0,0,8,0,0.03,0.12,0.15,0.03,0.15,1.1,1.1,2.0,3.0,0.03,0.06,0.09,0.03,0.09,Matches
416,401,Taylor Richards,eng ENG,"MF,FW",Brighton,21-153,2000,2,0,25,0.3,0,0,0,0,0,0,0,0.0,0.0,0.0,0.0,0.0,0.0,0.0,0.0,0.0,0.14,0.0,0.14,0.14,0.14,Matches
417,402,Richarlison,br BRA,"FW,MF",Everton,24-361,1997,26,24,2164,24.0,8,4,6,2,2,9,0,0.33,0.17,0.5,0.25,0.42,8.1,6.5,2.3,8.8,0.33,0.1,0.43,0.27,0.37,Matches
418,403,Jaïro Riedewald,nl NED,MF,Crystal Palace,25-239,1996,3,1,118,1.3,0,0,0,0,0,0,0,0.0,0.0,0.0,0.0,0.0,0.0,0.0,0.1,0.1,0.0,0.06,0.06,0.0,0.06,Matches
419,404,Matt Ritchie,sct SCO,DF,Newcastle Utd,32-238,1989,17,14,1335,14.8,0,2,0,0,0,5,0,0.0,0.13,0.13,0.0,0.13,0.4,0.4,1.6,2.1,0.03,0.11,0.14,0.03,0.14,Matches
420,405,Connor Roberts,wls WAL,DF,Burnley,26-225,1995,17,15,1377,15.3,1,1,1,0,0,1,0,0.07,0.07,0.13,0.07,0.13,0.1,0.1,0.4,0.6,0.01,0.03,0.04,0.01,0.04,Matches
421,406,Tyler Roberts,wls WAL,"MF,FW",Leeds United,23-114,1999,23,7,987,11.0,1,1,1,0,0,5,0,0.09,0.09,0.18,0.09,0.18,2.4,2.4,1.2,3.7,0.22,0.11,0.34,0.22,0.34,Matches
422,407,Andrew Robertson,sct SCO,DF,Liverpool,28-056,1994,27,27,2384,26.5,2,10,2,0,0,5,1,0.08,0.38,0.45,0.08,0.45,1.7,1.7,5.0,6.8,0.07,0.19,0.26,0.07,0.26,Matches
423,408,Joe Rodon,wls WAL,DF,Tottenham,24-196,1997,1,0,79,0.9,0,0,0,0,0,0,0,0.0,0.0,0.0,0.0,0.0,0.0,0.0,0.0,0.0,0.0,0.0,0.0,0.0,0.0,Matches
424,409,Rodri,es ESP,MF,Manchester City,25-318,1996,29,29,2524,28.0,5,1,5,0,0,5,0,0.18,0.04,0.21,0.18,0.21,2.1,2.1,1.2,3.4,0.08,0.04,0.12,0.08,0.12,Matches
425,410,Rodrigo,es ESP,"MF,FW",Leeds United,31-061,1991,27,24,1964,21.8,6,1,5,1,1,8,0,0.27,0.05,0.32,0.23,0.27,4.4,3.6,4.0,7.6,0.2,0.18,0.38,0.17,0.35,Matches
426,411,Jay Rodriguez,eng ENG,FW,Burnley,32-281,1989,29,13,1382,15.4,2,2,2,0,0,3,0,0.13,0.13,0.26,0.13,0.26,4.7,4.7,1.9,6.6,0.3,0.12,0.43,0.3,0.43,Matches
427,412,Mads Roerslev,dk DEN,DF,Brentford,22-316,1999,20,12,1224,13.6,1,1,1,0,0,1,0,0.07,0.07,0.15,0.07,0.15,0.3,0.3,1.0,1.3,0.02,0.07,0.09,0.02,0.09,Matches
428,413,Cristian Romero,ar ARG,DF,Tottenham,24-009,1998,21,20,1754,19.5,1,0,1,0,0,8,0,0.05,0.0,0.05,0.05,0.05,0.7,0.7,0.5,1.1,0.03,0.02,0.06,0.03,0.06,Matches
429,414,Oriol Romeu,es ESP,MF,Southampton,30-224,1991,33,33,2772,30.8,2,2,2,0,0,8,0,0.06,0.06,0.13,0.06,0.13,1.3,1.3,2.8,4.1,0.04,0.09,0.13,0.04,0.13,Matches
430,415,Cristiano Ronaldo,pt POR,FW,Manchester Utd,37-090,1985,29,26,2366,26.3,18,3,15,3,3,7,0,0.68,0.11,0.8,0.57,0.68,16.2,13.9,3.2,17.1,0.62,0.12,0.74,0.53,0.65,Matches
431,416,Salomón Rondón,ve VEN,FW,Everton,32-232,1989,18,8,769,8.5,1,1,1,0,0,3,0,0.12,0.12,0.23,0.12,0.23,2.2,2.2,0.7,2.9,0.26,0.09,0.34,0.26,0.34,Matches
432,417,Danny Rose,eng ENG,DF,Watford,31-308,1990,8,7,689,7.7,0,0,0,0,0,4,0,0.0,0.0,0.0,0.0,0.0,0.2,0.2,0.8,0.9,0.02,0.1,0.12,0.02,0.12,Matches
433,418,Jon Rowe,eng ENG,"FW,MF",Norwich City,19-006,2003,11,0,191,2.1,0,1,0,0,0,0,0,0.0,0.47,0.47,0.0,0.47,0.4,0.4,0.3,0.7,0.18,0.13,0.31,0.18,0.31,Matches
434,419,Antonio Rüdiger,de GER,DF,Chelsea,29-064,1993,30,30,2700,30.0,3,0,3,0,0,8,0,0.1,0.0,0.1,0.1,0.1,2.7,2.7,1.1,3.7,0.09,0.04,0.12,0.09,0.12,Matches
435,420,Lukas Rupp,de GER,MF,Norwich City,31-118,1991,15,6,618,6.9,0,0,0,0,0,0,0,0.0,0.0,0.0,0.0,0.0,0.7,0.7,1.2,1.9,0.1,0.17,0.27,0.1,0.27,Matches
436,421,José Sá,pt POR,GK,Wolves,29-109,1993,34,34,3060,34.0,0,1,0,0,0,3,0,0.0,0.03,0.03,0.0,0.03,0.0,0.0,1.0,1.0,0.0,0.03,0.03,0.0,0.03,Matches
437,422,Allan Saint-Maximin,fr FRA,"FW,MF",Newcastle Utd,25-055,1997,32,28,2567,28.5,5,4,5,0,0,6,0,0.18,0.14,0.32,0.18,0.32,4.8,4.8,4.9,9.7,0.17,0.17,0.34,0.17,0.34,Matches
438,423,Romain Saïss,ma MAR,DF,Wolves,32-041,1990,30,30,2636,29.3,2,0,2,0,0,5,0,0.07,0.0,0.07,0.07,0.07,2.3,2.3,0.4,2.7,0.08,0.01,0.09,0.08,0.09,Matches
439,424,Bukayo Saka,eng ENG,"FW,MF",Arsenal,20-243,2001,34,32,2654,29.5,11,6,9,2,2,6,0,0.37,0.2,0.58,0.31,0.51,9.0,7.5,6.6,14.1,0.31,0.22,0.53,0.25,0.48,Matches
440,425,Mohamed Salah,eg EGY,FW,Liverpool,29-325,1992,32,29,2620,29.1,22,13,17,5,6,1,0,0.76,0.45,1.2,0.58,1.03,20.5,15.8,10.2,26.0,0.71,0.35,1.05,0.54,0.89,Matches
442,426,Mohammed Salisu,gh GHA,DF,Southampton,23-019,1999,31,30,2702,30.0,0,0,0,0,0,10,1,0.0,0.0,0.0,0.0,0.0,1.8,1.8,0.5,2.3,0.06,0.02,0.08,0.06,0.08,Matches
443,427,Albert Sambi Lokonga,be BEL,MF,Arsenal,22-196,1999,18,12,1106,12.3,0,0,0,0,0,5,0,0.0,0.0,0.0,0.0,0.0,0.6,0.6,0.7,1.3,0.05,0.06,0.11,0.05,0.11,Matches
444,428,Davinson Sánchez,co COL,DF,Tottenham,25-328,1996,19,14,1348,15.0,2,0,2,0,0,4,0,0.13,0.0,0.13,0.13,0.13,2.0,2.0,0.1,2.2,0.14,0.01,0.15,0.14,0.15,Matches
445,429,Robert Sánchez,es ESP,GK,Brighton,24-169,1997,34,34,3059,34.0,0,0,0,0,0,3,1,0.0,0.0,0.0,0.0,0.0,0.0,0.0,0.4,0.4,0.0,0.01,0.01,0.0,0.01,Matches
446,430,Jadon Sancho,eng ENG,"FW,MF",Manchester Utd,22-042,2000,29,20,1900,21.1,3,3,3,0,0,0,0,0.14,0.14,0.28,0.14,0.28,3.3,3.3,4.2,7.5,0.16,0.2,0.36,0.16,0.36,Matches
447,431,Morgan Sanson,fr FRA,MF,Aston Villa,27-261,1994,10,3,356,4.0,0,0,0,0,0,0,0,0.0,0.0,0.0,0.0,0.0,0.0,0.0,0.0,0.0,0.0,0.0,0.01,0.0,0.01,Matches
448,432,Samir Santos,br BRA,DF,Watford,27-152,1994,16,16,1416,15.7,0,0,0,0,0,3,0,0.0,0.0,0.0,0.0,0.0,0.3,0.3,0.1,0.4,0.02,0.01,0.03,0.02,0.03,Matches
449,433,Josh Sargent,us USA,"FW,MF",Norwich City,22-075,2000,26,18,1572,17.5,2,1,2,0,0,1,0,0.11,0.06,0.17,0.11,0.17,2.7,2.7,0.7,3.5,0.16,0.04,0.2,0.16,0.2,Matches
450,434,Jeremy Sarmiento,ec ECU,"FW,MF",Brighton,19-324,2002,5,1,48,0.5,0,0,0,0,0,0,0,0.0,0.0,0.0,0.0,0.0,0.0,0.0,0.0,0.0,0.0,0.0,0.0,0.0,0.0,Matches
451,435,Ismaila Sarr,sn SEN,"FW,MF",Watford,24-070,1998,21,20,1771,19.7,5,2,5,0,1,2,0,0.25,0.1,0.36,0.25,0.36,4.2,3.5,2.5,6.0,0.22,0.13,0.34,0.18,0.31,Matches
452,436,Malang Sarr,fr FRA,DF,Chelsea,23-103,1999,6,6,510,5.7,0,0,0,0,0,2,0,0.0,0.0,0.0,0.0,0.0,0.0,0.0,0.3,0.4,0.01,0.06,0.06,0.01,0.06,Matches
453,437,Dane Scarlett,eng ENG,MF,Tottenham,18-043,2004,1,0,4,0.0,0,0,0,0,0,0,0,0.0,0.0,0.0,0.0,0.0,0.0,0.0,0.0,0.0,0.0,0.0,0.0,0.0,0.0,Matches
454,438,Fabian Schär,ch SUI,DF,Newcastle Utd,30-137,1991,24,24,2110,23.4,2,2,2,0,0,4,0,0.09,0.09,0.17,0.09,0.17,1.3,1.3,0.6,2.0,0.06,0.03,0.08,0.06,0.08,Matches
455,439,Jeffrey Schlupp,gh GHA,"MF,FW",Crystal Palace,29-134,1992,28,18,1647,18.3,3,1,3,0,0,1,0,0.16,0.05,0.22,0.16,0.22,2.0,2.0,1.6,3.6,0.11,0.09,0.2,0.11,0.2,Matches
456,440,Kasper Schmeichel,dk DEN,GK,Leicester City,35-182,1986,33,33,2970,33.0,0,0,0,0,0,2,0,0.0,0.0,0.0,0.0,0.0,0.0,0.0,0.0,0.0,0.0,0.0,0.0,0.0,0.0,Matches
457,441,Ken Sema,se SWE,"MF,FW",Watford,28-218,1993,14,4,553,6.1,0,0,0,0,0,1,0,0.0,0.0,0.0,0.0,0.0,0.1,0.1,0.6,0.7,0.01,0.1,0.11,0.01,0.11,Matches
458,442,Nélson Semedo,pt POR,DF,Wolves,28-171,1993,25,25,2131,23.7,0,1,0,0,0,1,0,0.0,0.04,0.04,0.0,0.04,1.4,1.4,1.2,2.6,0.06,0.05,0.11,0.06,0.11,Matches
459,443,Ryan Sessegnon,eng ENG,DF,Tottenham,21-353,2000,11,9,700,7.8,0,1,0,0,0,1,0,0.0,0.13,0.13,0.0,0.13,0.2,0.2,0.9,1.1,0.02,0.11,0.14,0.02,0.14,Matches
460,444,Jamie Shackleton,eng ENG,"DF,MF",Leeds United,22-210,1999,13,7,686,7.6,0,0,0,0,0,4,0,0.0,0.0,0.0,0.0,0.0,0.2,0.2,0.0,0.2,0.02,0.01,0.03,0.02,0.03,Matches
461,445,Luke Shaw,eng ENG,DF,Manchester Utd,26-298,1995,20,19,1601,17.8,0,3,0,0,0,8,0,0.0,0.17,0.17,0.0,0.17,0.2,0.2,3.2,3.4,0.01,0.18,0.19,0.01,0.19,Matches
462,446,Jonjo Shelvey,eng ENG,MF,Newcastle Utd,30-068,1992,24,22,1983,22.0,2,1,2,0,0,7,1,0.09,0.05,0.14,0.09,0.14,0.9,0.9,0.8,1.7,0.04,0.04,0.08,0.04,0.08,Matches
463,447,Francisco Sierralta,cl CHI,DF,Watford,25-000,1997,5,5,427,4.7,0,0,0,0,0,0,0,0.0,0.0,0.0,0.0,0.0,0.0,0.0,0.0,0.0,0.01,0.0,0.01,0.01,0.01,Matches
464,448,Bernardo Silva,pt POR,"MF,FW",Manchester City,27-269,1994,32,30,2610,29.0,8,3,8,0,0,6,0,0.28,0.1,0.38,0.28,0.38,6.6,6.6,4.9,11.5,0.23,0.17,0.4,0.23,0.4,Matches
465,449,Fábio Silva,pt POR,FW,Wolves,19-291,2002,21,6,555,6.2,0,0,0,0,0,0,0,0.0,0.0,0.0,0.0,0.0,2.2,2.2,0.2,2.4,0.36,0.03,0.38,0.36,0.38,Matches
466,450,Thiago Silva,br BRA,DF,Chelsea,37-226,1984,29,25,2380,26.4,3,0,3,0,0,2,0,0.11,0.0,0.11,0.11,0.11,0.7,0.7,0.2,0.9,0.03,0.01,0.03,0.03,0.03,Matches
468,451,Ellis Simms,eng ENG,FW,Everton,21-121,2001,1,1,61,0.7,0,0,0,0,0,0,0,0.0,0.0,0.0,0.0,0.0,0.0,0.0,0.0,0.0,0.0,0.0,0.0,0.0,0.0,Matches
469,452,Moussa Sissoko,fr FRA,MF,Watford,32-263,1989,32,32,2860,31.8,2,1,2,0,0,5,0,0.06,0.03,0.09,0.06,0.09,3.0,3.0,2.5,5.5,0.09,0.08,0.17,0.09,0.17,Matches
470,453,Oliver Skipp,eng ENG,MF,Tottenham,21-232,2000,18,14,1350,15.0,0,0,0,0,0,6,0,0.0,0.0,0.0,0.0,0.0,0.2,0.2,0.9,1.1,0.01,0.06,0.07,0.01,0.07,Matches
471,454,William Smallbone,ie IRL,"MF,FW",Southampton,22-074,2000,3,2,132,1.5,0,0,0,0,0,0,0,0.0,0.0,0.0,0.0,0.0,0.1,0.1,0.1,0.2,0.05,0.06,0.12,0.05,0.12,Matches
472,455,Emile Smith Rowe,eng ENG,"MF,FW",Arsenal,21-282,2000,30,20,1829,20.3,10,2,10,0,0,0,0,0.49,0.1,0.59,0.49,0.59,5.8,5.8,2.2,7.9,0.28,0.11,0.39,0.28,0.39,Matches
473,456,Cédric Soares,pt POR,DF,Arsenal,30-248,1991,17,13,1164,12.9,0,0,0,0,0,3,0,0.0,0.0,0.0,0.0,0.0,0.3,0.3,1.1,1.5,0.03,0.09,0.11,0.03,0.11,Matches
474,457,Tomáš Souček,cz CZE,MF,West Ham,27-068,1995,33,32,2882,32.0,5,1,5,0,0,2,0,0.16,0.03,0.19,0.16,0.19,4.7,4.3,1.4,5.7,0.15,0.04,0.19,0.13,0.18,Matches
475,458,Boubakary Soumaré,fr FRA,MF,Leicester City,23-068,1999,19,12,1102,12.2,0,1,0,0,0,0,0,0.0,0.08,0.08,0.0,0.08,0.4,0.4,0.4,0.8,0.03,0.03,0.06,0.03,0.06,Matches
476,459,Çağlar Söyüncü,tr TUR,DF,Leicester City,25-348,1996,28,28,2497,27.7,1,0,1,0,0,5,0,0.04,0.0,0.04,0.04,0.04,1.4,1.4,0.1,1.5,0.05,0.0,0.05,0.05,0.05,Matches
477,460,Jason Steele,eng ENG,GK,Brighton,31-261,1990,1,1,90,1.0,0,0,0,0,0,0,0,0.0,0.0,0.0,0.0,0.0,0.0,0.0,0.0,0.0,0.0,0.0,0.0,0.0,0.0,Matches
478,461,Jed Steer,eng ENG,GK,Aston Villa,29-225,1992,1,1,90,1.0,0,0,0,0,0,0,0,0.0,0.0,0.0,0.0,0.0,0.0,0.0,0.0,0.0,0.0,0.0,0.0,0.0,0.0,Matches
479,462,Zack Steffen,us USA,GK,Manchester City,27-034,1995,1,1,90,1.0,0,0,0,0,0,0,0,0.0,0.0,0.0,0.0,0.0,0.0,0.0,0.0,0.0,0.0,0.0,0.0,0.0,0.0,Matches
480,463,Dale Stephens,eng ENG,MF,Burnley,32-328,1989,3,1,124,1.4,0,0,0,0,0,1,0,0.0,0.0,0.0,0.0,0.0,0.0,0.0,0.0,0.1,0.02,0.03,0.06,0.02,0.06,Matches
481,464,Jack Stephens,eng ENG,DF,Southampton,28-099,1994,9,7,631,7.0,0,0,0,0,0,2,0,0.0,0.0,0.0,0.0,0.0,0.0,0.0,0.3,0.3,0.0,0.04,0.04,0.0,0.04,Matches
482,465,Raheem Sterling,eng ENG,FW,Manchester City,27-149,1994,27,21,1913,21.3,10,3,8,2,3,1,0,0.47,0.14,0.61,0.38,0.52,11.9,9.5,3.8,13.3,0.56,0.18,0.74,0.45,0.62,Matches
483,466,Finley Stevens,wls WAL,DF,Brentford,19-026,2003,1,0,15,0.2,0,0,0,0,0,0,0,0.0,0.0,0.0,0.0,0.0,0.0,0.0,0.0,0.0,0.0,0.25,0.25,0.0,0.25,Matches
484,467,John Stones,eng ENG,DF,Manchester City,27-343,1994,13,11,1029,11.4,1,0,1,0,0,0,0,0.09,0.0,0.09,0.09,0.09,0.9,0.9,0.1,1.0,0.08,0.01,0.09,0.08,0.09,Matches
485,468,Pascal Struijk,nl NED,"DF,MF",Leeds United,22-268,1999,25,21,1875,20.8,0,0,0,0,0,6,1,0.0,0.0,0.0,0.0,0.0,1.1,1.1,0.2,1.3,0.05,0.01,0.06,0.05,0.06,Matches
486,469,Crysencio Summerville,nl NED,"MF,FW",Leeds United,20-188,2001,6,0,130,1.4,0,0,0,0,0,0,0,0.0,0.0,0.0,0.0,0.0,0.3,0.3,0.1,0.3,0.18,0.03,0.21,0.18,0.21,Matches
487,470,Jakob Sørensen,dk DEN,"DF,MF",Norwich City,24-064,1998,6,4,370,4.1,0,0,0,0,0,0,0,0.0,0.0,0.0,0.0,0.0,0.4,0.4,0.0,0.4,0.09,0.0,0.09,0.09,0.09,Matches
488,471,Japhet Tanganga,eng ENG,DF,Tottenham,23-036,1999,11,10,735,8.2,0,0,0,0,0,4,1,0.0,0.0,0.0,0.0,0.0,0.4,0.4,0.4,0.7,0.05,0.05,0.09,0.05,0.09,Matches
489,472,Matt Targett,eng ENG,DF,Aston Villa,26-230,1995,17,17,1431,15.9,1,1,1,0,0,2,0,0.06,0.06,0.13,0.06,0.13,0.5,0.5,2.2,2.7,0.03,0.14,0.17,0.03,0.17,Matches
490,473,Matt Targett,eng ENG,DF,Newcastle Utd,26-230,1995,13,13,1170,13.0,0,0,0,0,0,0,0,0.0,0.0,0.0,0.0,0.0,0.3,0.3,1.1,1.4,0.02,0.08,0.1,0.02,0.1,Matches
491,474,James Tarkowski,eng ENG,DF,Burnley,29-168,1992,32,32,2880,32.0,1,2,1,0,0,10,0,0.03,0.06,0.09,0.03,0.09,1.9,1.9,0.6,2.5,0.06,0.02,0.08,0.06,0.08,Matches
492,475,Nuno Tavares,pt POR,DF,Arsenal,22-100,2000,19,11,1010,11.2,1,1,1,0,0,2,0,0.09,0.09,0.18,0.09,0.18,1.3,1.3,0.9,2.2,0.12,0.08,0.2,0.12,0.2,Matches
494,476,Charlie Taylor,eng ENG,DF,Burnley,28-230,1993,27,26,2371,26.3,0,3,0,0,0,3,0,0.0,0.11,0.11,0.0,0.11,0.2,0.2,3.2,3.4,0.01,0.12,0.13,0.01,0.13,Matches
495,477,Nathan Tella,eng ENG,"MF,FW",Southampton,22-305,1999,13,9,734,8.2,0,0,0,0,0,1,0,0.0,0.0,0.0,0.0,0.0,0.5,0.5,0.7,1.2,0.06,0.09,0.15,0.06,0.15,Matches
496,478,Alex Telles,br BRA,DF,Manchester Utd,29-142,1992,19,16,1480,16.4,0,4,0,0,0,1,0,0.0,0.24,0.24,0.0,0.24,0.4,0.4,1.7,2.2,0.03,0.11,0.13,0.03,0.13,Matches
497,479,Luke Thomas,eng ENG,DF,Leicester City,20-330,2001,21,20,1822,20.2,0,1,0,0,0,2,0,0.0,0.05,0.05,0.0,0.05,0.2,0.2,1.6,1.8,0.01,0.08,0.09,0.01,0.09,Matches
498,480,Dominic Thompson,eng ENG,DF,Brentford,21-284,2000,2,2,146,1.6,0,0,0,0,0,0,0,0.0,0.0,0.0,0.0,0.0,0.0,0.0,0.0,0.0,0.01,0.0,0.01,0.01,0.01,Matches
499,481,Youri Tielemans,be BEL,MF,Leicester City,24-364,1997,28,25,2271,25.2,6,3,4,2,2,2,0,0.24,0.12,0.36,0.16,0.28,4.4,2.9,3.5,6.4,0.18,0.14,0.31,0.12,0.25,Matches
500,482,Kieran Tierney,sct SCO,DF,Arsenal,24-335,1997,22,22,1915,21.3,1,3,1,0,0,0,0,0.05,0.14,0.19,0.05,0.19,0.7,0.7,1.9,2.6,0.03,0.09,0.12,0.03,0.12,Matches
501,483,Takehiro Tomiyasu,jp JPN,DF,Arsenal,23-182,1998,18,17,1461,16.2,0,1,0,0,0,1,0,0.0,0.06,0.06,0.0,0.06,0.3,0.3,0.6,0.9,0.02,0.04,0.06,0.02,0.06,Matches
502,484,James Tomkins,eng ENG,DF,Crystal Palace,33-038,1989,8,6,547,6.1,1,0,1,0,0,2,0,0.16,0.0,0.16,0.16,0.16,0.6,0.6,0.4,0.9,0.09,0.06,0.15,0.09,0.15,Matches
503,485,Ivan Toney,eng ENG,FW,Brentford,26-051,1996,30,29,2639,29.3,12,4,7,5,5,7,0,0.41,0.14,0.55,0.24,0.38,11.1,7.3,4.9,12.2,0.38,0.17,0.55,0.25,0.42,Matches
504,486,Ferrán Torres,es ESP,FW,Manchester City,22-066,2000,4,4,303,3.4,2,1,2,0,0,0,0,0.59,0.3,0.89,0.59,0.89,2.5,2.5,0.0,2.5,0.74,0.01,0.75,0.74,0.75,Matches
505,487,Cenk Tosun,tr TUR,FW,Everton,30-333,1991,1,0,7,0.1,0,0,0,0,0,0,0,0.0,0.0,0.0,0.0,0.0,0.0,0.0,0.0,0.0,0.0,0.0,0.0,0.0,0.0,Matches
506,488,Andros Townsend,eng ENG,MF,Everton,30-294,1991,21,17,1455,16.2,3,2,2,1,1,3,0,0.19,0.12,0.31,0.12,0.25,2.3,1.5,2.4,3.9,0.14,0.15,0.29,0.09,0.24,Matches
507,489,Adama Traoré,es ESP,FW,Wolves,26-101,1996,20,10,1067,11.9,1,0,1,0,0,0,0,0.08,0.0,0.08,0.08,0.08,2.4,2.4,1.7,4.1,0.2,0.15,0.35,0.2,0.35,Matches
508,490,Bertrand Traoré,bf BFA,"FW,MF",Aston Villa,26-242,1995,7,1,176,2.0,0,0,0,0,0,0,0,0.0,0.0,0.0,0.0,0.0,0.2,0.2,0.0,0.2,0.12,0.0,0.12,0.12,0.12,Matches
509,491,Trézéguet,eg EGY,FW,Aston Villa,27-217,1994,1,0,11,0.1,0,0,0,0,0,0,0,0.0,0.0,0.0,0.0,0.0,0.1,0.1,0.0,0.1,0.51,0.0,0.51,0.51,0.51,Matches
510,492,Francisco Trincão,pt POR,"FW,MF",Wolves,22-128,1999,25,16,1302,14.5,1,1,1,0,0,0,0,0.07,0.07,0.14,0.07,0.14,3.0,3.0,1.2,4.3,0.21,0.08,0.29,0.21,0.29,Matches
511,493,Kieran Trippier,eng ENG,DF,Newcastle Utd,31-229,1990,4,4,316,3.5,2,0,2,0,0,0,0,0.57,0.0,0.57,0.57,0.57,0.1,0.1,0.4,0.5,0.04,0.11,0.15,0.04,0.15,Matches
512,494,William Troost-Ekong,ng NGA,DF,Watford,28-247,1993,16,15,1377,15.3,0,0,0,0,0,3,0,0.0,0.0,0.0,0.0,0.0,0.1,0.1,0.1,0.2,0.01,0.01,0.01,0.01,0.01,Matches
513,495,Leandro Trossard,be BEL,"FW,MF",Brighton,27-153,1994,32,30,2637,29.3,7,1,6,1,1,2,0,0.24,0.03,0.27,0.2,0.24,5.8,5.0,2.7,7.7,0.2,0.09,0.29,0.17,0.26,Matches
514,496,Kostas Tsimikas,gr GRE,DF,Liverpool,25-359,1996,10,7,670,7.4,0,2,0,0,0,2,0,0.0,0.27,0.27,0.0,0.27,0.5,0.5,1.7,2.2,0.07,0.23,0.3,0.07,0.3,Matches
515,497,Axel Tuanzebe,eng ENG,DF,Aston Villa,24-173,1997,9,6,508,5.6,0,0,0,0,0,1,0,0.0,0.0,0.0,0.0,0.0,0.2,0.2,0.0,0.2,0.03,0.0,0.03,0.03,0.03,Matches
516,498,Ozan Tufan,tr TUR,MF,Watford,27-044,1995,7,4,334,3.7,0,0,0,0,0,0,0,0.0,0.0,0.0,0.0,0.0,0.5,0.5,0.2,0.8,0.14,0.07,0.2,0.14,0.2,Matches
517,499,Christos Tzolis,gr GRE,"FW,MF",Norwich City,20-096,2002,14,3,336,3.7,0,0,0,0,0,0,0,0.0,0.0,0.0,0.0,0.0,0.5,0.5,1.0,1.4,0.13,0.26,0.38,0.13,0.38,Matches
518,500,Yan Valery,fr FRA,DF,Southampton,23-073,1999,5,3,370,4.1,0,0,0,0,0,0,0,0.0,0.0,0.0,0.0,0.0,0.0,0.0,0.1,0.1,0.01,0.02,0.03,0.01,0.03,Matches
520,501,Raphaël Varane,fr FRA,DF,Manchester Utd,29-011,1993,21,19,1741,19.3,1,1,1,0,0,0,0,0.05,0.05,0.1,0.05,0.1,0.9,0.9,0.3,1.1,0.04,0.01,0.06,0.04,0.06,Matches
521,502,Jamie Vardy,eng ENG,FW,Leicester City,35-115,1987,20,16,1444,16.0,10,2,10,0,0,2,0,0.62,0.12,0.75,0.62,0.75,6.6,6.6,1.4,8.1,0.41,0.09,0.5,0.41,0.5,Matches
522,503,Joël Veltman,nl NED,DF,Brighton,30-111,1992,31,30,2604,28.9,0,1,0,0,0,6,0,0.0,0.03,0.03,0.0,0.03,0.7,0.7,1.1,1.8,0.03,0.04,0.06,0.03,0.06,Matches
523,504,Jannik Vestergaard,dk DEN,DF,Leicester City,29-276,1992,10,6,567,6.3,0,0,0,0,0,2,0,0.0,0.0,0.0,0.0,0.0,0.1,0.1,0.0,0.1,0.01,0.01,0.01,0.01,0.01,Matches
524,505,Nikola Vlašić,hr CRO,"FW,MF",West Ham,24-214,1997,18,6,545,6.1,1,0,1,0,0,0,0,0.17,0.0,0.17,0.17,0.17,1.0,1.0,0.4,1.4,0.16,0.07,0.23,0.16,0.23,Matches
525,506,Matěj Vydra,cz CZE,FW,Burnley,30-005,1992,22,5,679,7.5,2,3,2,0,0,1,0,0.27,0.4,0.66,0.27,0.66,3.0,3.0,0.6,3.6,0.4,0.08,0.48,0.4,0.48,Matches
526,507,Theo Walcott,eng ENG,"MF,FW",Southampton,33-051,1989,9,5,379,4.2,0,0,0,0,0,0,0,0.0,0.0,0.0,0.0,0.0,0.7,0.7,0.0,0.7,0.17,0.01,0.18,0.17,0.18,Matches
527,508,Kyle Walker,eng ENG,DF,Manchester City,31-343,1990,20,20,1755,19.5,0,2,0,0,0,1,0,0.0,0.1,0.1,0.0,0.1,0.3,0.3,1.2,1.4,0.01,0.06,0.07,0.01,0.07,Matches
528,509,Kyle Walker-Peters,eng ENG,DF,Southampton,25-023,1997,29,26,2363,26.3,1,2,1,0,0,5,0,0.04,0.08,0.11,0.04,0.11,0.9,0.9,2.8,3.6,0.03,0.11,0.14,0.03,0.14,Matches
529,510,Aaron Wan-Bissaka,eng ENG,DF,Manchester Utd,24-161,1997,20,20,1793,19.9,0,0,0,0,0,2,0,0.0,0.0,0.0,0.0,0.0,0.2,0.2,0.9,1.1,0.01,0.05,0.06,0.01,0.06,Matches
530,511,Joel Ward,eng ENG,DF,Crystal Palace,32-189,1989,26,25,2307,25.6,0,0,0,0,0,8,0,0.0,0.0,0.0,0.0,0.0,0.3,0.3,0.5,0.8,0.01,0.02,0.03,0.01,0.03,Matches
531,512,James Ward-Prowse,eng ENG,MF,Southampton,27-186,1994,33,33,2945,32.7,9,5,6,3,3,3,1,0.28,0.15,0.43,0.18,0.34,4.2,2.0,6.1,8.0,0.13,0.19,0.31,0.06,0.25,Matches
532,513,Ollie Watkins,eng ENG,FW,Aston Villa,26-127,1995,30,28,2525,28.1,9,1,8,1,1,6,0,0.32,0.04,0.36,0.29,0.32,10.7,9.9,2.6,12.5,0.38,0.09,0.47,0.35,0.45,Matches
533,514,Adam Webster,eng ENG,DF,Brighton,27-122,1995,19,15,1291,14.3,2,0,2,0,0,5,0,0.14,0.0,0.14,0.14,0.14,1.0,1.0,0.1,1.1,0.07,0.0,0.08,0.07,0.08,Matches
534,515,Wout Weghorst,nl NED,FW,Burnley,29-272,1992,16,16,1282,14.2,2,3,2,0,0,3,0,0.14,0.21,0.35,0.14,0.35,2.6,2.6,1.3,3.9,0.18,0.09,0.27,0.18,0.27,Matches
535,516,Danny Welbeck,eng ENG,"FW,MF",Brighton,31-161,1990,22,12,1208,13.4,4,1,4,0,0,0,0,0.3,0.07,0.37,0.3,0.37,4.0,4.0,0.7,4.7,0.3,0.05,0.35,0.3,0.35,Matches
536,517,Timo Werner,de GER,"FW,MF",Chelsea,26-061,1996,20,14,1193,13.3,4,1,4,0,0,1,0,0.3,0.08,0.38,0.3,0.38,7.0,7.0,0.4,7.5,0.53,0.03,0.56,0.53,0.56,Matches
537,518,Ashley Westwood,eng ENG,MF,Burnley,32-035,1990,27,26,2287,25.4,0,3,0,0,0,7,0,0.0,0.12,0.12,0.0,0.12,0.8,0.8,3.6,4.3,0.03,0.14,0.17,0.03,0.17,Matches
538,519,Ben White,eng ENG,DF,Arsenal,24-210,1997,31,31,2790,31.0,0,0,0,0,0,2,0,0.0,0.0,0.0,0.0,0.0,1.0,1.0,0.5,1.5,0.03,0.02,0.05,0.03,0.05,Matches
539,520,Brandon Williams,eng ENG,DF,Norwich City,21-245,2000,25,22,2030,22.6,0,1,0,0,0,7,0,0.0,0.04,0.04,0.0,0.04,0.2,0.2,1.3,1.5,0.01,0.06,0.07,0.01,0.07,Matches
540,521,Neco Williams,wls WAL,DF,Liverpool,21-023,2001,1,0,8,0.1,0,1,0,0,0,0,0,0.0,11.25,11.25,0.0,11.25,0.0,0.0,0.6,0.6,0.0,6.5,6.5,0.0,6.5,Matches
541,522,Joe Willock,eng ENG,MF,Newcastle Utd,22-259,1999,29,24,2038,22.6,2,0,2,0,0,0,0,0.09,0.0,0.09,0.09,0.09,3.6,3.6,1.2,4.8,0.16,0.05,0.21,0.16,0.21,Matches
542,523,Callum Wilson,eng ENG,FW,Newcastle Utd,30-068,1992,15,14,1184,13.2,6,0,5,1,1,4,0,0.46,0.0,0.46,0.38,0.38,4.4,3.6,0.4,4.1,0.33,0.03,0.37,0.28,0.31,Matches
543,524,Harry Winks,eng ENG,MF,Tottenham,26-093,1996,17,9,888,9.9,0,1,0,0,0,2,0,0.0,0.1,0.1,0.0,0.1,0.1,0.1,1.5,1.6,0.01,0.15,0.17,0.01,0.17,Matches
544,525,Yoane Wissa,cd COD,"FW,MF",Brentford,25-245,1996,27,9,1053,11.7,5,0,5,0,0,0,0,0.43,0.0,0.43,0.43,0.43,2.2,2.2,0.5,2.7,0.19,0.04,0.23,0.19,0.23,Matches
546,526,Chris Wood,nz NZL,FW,Newcastle Utd,30-150,1991,15,14,1241,13.8,2,0,1,1,1,0,0,0.15,0.0,0.15,0.07,0.07,2.6,1.9,1.0,2.9,0.19,0.07,0.26,0.14,0.21,Matches
547,527,Chris Wood,nz NZL,FW,Burnley,30-150,1991,17,17,1367,15.2,3,0,3,0,0,1,0,0.2,0.0,0.2,0.2,0.2,4.5,4.5,0.2,4.7,0.3,0.02,0.31,0.3,0.31,Matches
548,528,Freddie Woodman,eng ENG,GK,Newcastle Utd,25-063,1997,4,4,360,4.0,0,0,0,0,0,0,0,0.0,0.0,0.0,0.0,0.0,0.0,0.0,0.0,0.0,0.0,0.0,0.0,0.0,0.0,Matches
549,529,Granit Xhaka,ch SUI,MF,Arsenal,29-221,1992,23,23,1995,22.2,1,2,1,0,0,8,1,0.05,0.09,0.14,0.05,0.14,1.1,1.1,1.8,2.9,0.05,0.08,0.13,0.05,0.13,Matches
550,530,Andriy Yarmolenko,ua UKR,FW,West Ham,32-195,1989,16,1,260,2.9,1,0,1,0,0,1,0,0.35,0.0,0.35,0.35,0.35,0.8,0.8,0.2,1.0,0.29,0.06,0.36,0.29,0.36,Matches
551,531,Ashley Young,eng ENG,"DF,FW",Aston Villa,36-301,1985,22,10,1230,13.7,0,2,0,0,0,2,0,0.0,0.15,0.15,0.0,0.15,0.4,0.4,0.7,1.1,0.03,0.05,0.08,0.03,0.08,Matches
552,532,Wilfried Zaha,ci CIV,FW,Crystal Palace,29-177,1992,29,27,2408,26.8,12,1,8,4,6,5,1,0.45,0.04,0.49,0.3,0.34,8.2,3.6,4.5,8.1,0.31,0.17,0.48,0.13,0.3,Matches
553,533,Christoph Zimmermann,de GER,DF,Norwich City,29-114,1993,2,2,102,1.1,0,0,0,0,0,0,0,0.0,0.0,0.0,0.0,0.0,0.0,0.0,0.0,0.0,0.04,0.0,0.04,0.04,0.04,Matches
554,534,Oleksandr Zinchenko,ua UKR,DF,Manchester City,25-142,1996,11,7,732,8.1,0,2,0,0,0,0,0,0.0,0.25,0.25,0.0,0.25,0.2,0.2,1.5,1.6,0.02,0.18,0.2,0.02,0.2,Matches
555,535,Hakim Ziyech,ma MAR,"FW,MF",Chelsea,29-048,1993,20,12,1126,12.5,4,2,4,0,0,3,0,0.32,0.16,0.48,0.32,0.48,3.1,3.1,3.0,6.0,0.25,0.24,0.48,0.25,0.48,Matches
556,536,Kurt Zouma,fr FRA,DF,West Ham,27-191,1994,21,21,1808,20.1,1,0,1,0,0,1,0,0.05,0.0,0.05,0.05,0.05,0.9,0.9,0.0,0.9,0.04,0.0,0.04,0.04,0.04,Matches
557,537,Martin Ødegaard,no NOR,MF,Arsenal,23-140,1998,32,28,2425,26.9,6,4,6,0,0,3,0,0.22,0.15,0.37,0.22,0.37,4.1,4.1,6.0,10.1,0.15,0.22,0.37,0.15,0.37,Matches
