,Wk,Day,Date,Time,Home,xG home,Score,xG away,Away,Attendance,Venue,Referee,Match Report,Notes
0,1.0,Sat,2020-09-12,12:30,Fulham,0.2,0–3,1.8,Arsenal,,Craven Cottage,Chris Kavanagh,Match Report,
1,1.0,Sat,2020-09-12,15:00,Crystal Palace,0.7,1–0,0.8,Southampton,,Selhurst Park,Jonathan Moss,Match Report,
2,1.0,Sat,2020-09-12,17:30,Liverpool,3.3,4–3,0.6,Leeds United,,Anfield,Michael Oliver,Match Report,
3,1.0,Sat,2020-09-12,20:00,West Ham,1.1,0–2,1.5,Newcastle Utd,,London Stadium,Stuart Attwell,Match Report,
4,1.0,Sun,2020-09-13,14:00,West Brom,0.5,0–3,2.2,Leicester City,,The Hawthorns,Anthony Taylor,Match Report,
5,1.0,Sun,2020-09-13,16:30,Tottenham,1.0,0–1,1.4,Everton,,Tottenham Hotspur Stadium,Martin Atkinson,Match Report,
6,1.0,Mon,2020-09-14,18:00,Sheffield Utd,0.6,0–2,1.1,Wolves,,Bramall Lane,Mike Dean,Match Report,
7,1.0,Mon,2020-09-14,20:15,Brighton,1.4,1–3,1.2,Chelsea,,The American Express Community Stadium,Craig Pawson,Match Report,
8,,,,,,,,,,,,,,
9,2.0,Sat,2020-09-19,12:30,Everton,3.4,5–2,0.3,West Brom,,Goodison Park,Mike Dean,Match Report,
10,2.0,Sat,2020-09-19,15:00,Leeds United,1.7,4–3,1.8,Fulham,,Elland Road,Anthony Taylor,Match Report,
11,2.0,Sat,2020-09-19,17:30,Manchester Utd,1.1,1–3,1.6,Crystal Palace,,Old Trafford,Martin Atkinson,Match Report,
12,2.0,Sat,2020-09-19,20:00,Arsenal,1.4,2–1,1.9,West Ham,,Emirates Stadium,Michael Oliver,Match Report,
13,2.0,Sun,2020-09-20,12:00,Southampton,1.5,2–5,2.5,Tottenham,,St. Mary's Stadium,David Coote,Match Report,
14,2.0,Sun,2020-09-20,14:00,Newcastle Utd,0.5,0–3,1.6,Brighton,,St. James' Park,Kevin Friend,Match Report,
15,2.0,Sun,2020-09-20,16:30,Chelsea,1.0,0–2,2.6,Liverpool,,Stamford Bridge,Paul Tierney,Match Report,
16,2.0,Sun,2020-09-20,19:00,Leicester City,1.4,4–2,1.9,Burnley,,King Power Stadium,Lee Mason,Match Report,
17,2.0,Mon,2020-09-21,18:00,Aston Villa,1.0,1–0,0.9,Sheffield Utd,,Villa Park,Graham Scott,Match Report,
18,2.0,Mon,2020-09-21,20:15,Wolves,1.0,1–3,1.9,Manchester City,,Molineux Stadium,Andre Marriner,Match Report,
19,,,,,,,,,,,,,,
20,3.0,Sat,2020-09-26,12:30,Brighton,2.4,2–3,1.1,Manchester Utd,,The American Express Community Stadium,Chris Kavanagh,Match Report,
21,3.0,Sat,2020-09-26,15:00,Crystal Palace,0.4,1–2,2.0,Everton,,Selhurst Park,Kevin Friend,Match Report,
22,3.0,Sat,2020-09-26,17:30,West Brom,1.0,3–3,2.2,Chelsea,,The Hawthorns,Jonathan Moss,Match Report,
23,3.0,Sat,2020-09-26,20:00,Burnley,0.5,0–1,0.6,Southampton,,Turf Moor,Andre Marriner,Match Report,
24,3.0,Sun,2020-09-27,12:00,Sheffield Utd,1.6,0–1,1.6,Leeds United,,Bramall Lane,Paul Tierney,Match Report,
25,3.0,Sun,2020-09-27,14:00,Tottenham,2.3,1–1,1.0,Newcastle Utd,,Tottenham Hotspur Stadium,Peter Bankes,Match Report,
26,3.0,Sun,2020-09-27,16:30,Manchester City,0.9,2–5,2.6,Leicester City,,Etihad Stadium,Michael Oliver,Match Report,
27,3.0,Sun,2020-09-27,19:00,West Ham,1.6,4–0,0.5,Wolves,,London Stadium,Martin Atkinson,Match Report,
28,3.0,Mon,2020-09-28,17:45,Fulham,0.7,0–3,1.6,Aston Villa,,Craven Cottage,Stuart Attwell,Match Report,
29,3.0,Mon,2020-09-28,20:00,Liverpool,3.2,3–1,1.2,Arsenal,,Anfield,Craig Pawson,Match Report,
30,,,,,,,,,,,,,,
31,4.0,Sat,2020-10-03,12:30,Chelsea,2.5,4–0,0.1,Crystal Palace,,Stamford Bridge,Michael Oliver,Match Report,
32,4.0,Sat,2020-10-03,15:00,Everton,1.8,4–2,1.2,Brighton,,Goodison Park,Simon Hooper,Match Report,
33,4.0,Sat,2020-10-03,17:30,Leeds United,1.7,1–1,1.5,Manchester City,,Elland Road,Mike Dean,Match Report,
34,4.0,Sat,2020-10-03,20:00,Newcastle Utd,2.0,3–1,0.6,Burnley,,St. James' Park,David Coote,Match Report,
35,4.0,Sun,2020-10-04,12:00,Leicester City,0.4,0–3,1.6,West Ham,,King Power Stadium,Andy Madley,Match Report,
36,4.0,Sun,2020-10-04,12:00,Southampton,1.2,2–0,0.1,West Brom,,St. Mary's Stadium,Chris Kavanagh,Match Report,
37,4.0,Sun,2020-10-04,14:00,Arsenal,0.4,2–1,0.2,Sheffield Utd,,Emirates Stadium,Lee Mason,Match Report,
38,4.0,Sun,2020-10-04,14:00,Wolves,1.2,1–0,0.7,Fulham,,Molineux Stadium,Darren England,Match Report,
39,4.0,Sun,2020-10-04,16:30,Manchester Utd,0.9,1–6,3.8,Tottenham,,Old Trafford,Anthony Taylor,Match Report,
40,4.0,Sun,2020-10-04,19:15,Aston Villa,3.9,7–2,1.8,Liverpool,,Villa Park,Martin Atkinson,Match Report,
41,,,,,,,,,,,,,,
42,5.0,Sat,2020-10-17,12:30,Everton,1.3,2–2,2.2,Liverpool,,Goodison Park,Michael Oliver,Match Report,
43,5.0,Sat,2020-10-17,15:00,Chelsea,2.0,3–3,2.2,Southampton,,Stamford Bridge,Peter Bankes,Match Report,
44,5.0,Sat,2020-10-17,17:30,Manchester City,1.5,1–0,0.9,Arsenal,,Etihad Stadium,Chris Kavanagh,Match Report,
45,5.0,Sat,2020-10-17,20:00,Newcastle Utd,0.5,1–4,2.7,Manchester Utd,,St. James' Park,Craig Pawson,Match Report,
46,5.0,Sun,2020-10-18,12:00,Sheffield Utd,1.5,1–1,1.7,Fulham,,Bramall Lane,Andre Marriner,Match Report,
47,5.0,Sun,2020-10-18,14:00,Crystal Palace,0.8,1–1,1.1,Brighton,,Selhurst Park,Stuart Attwell,Match Report,
48,5.0,Sun,2020-10-18,16:30,Tottenham,1.2,3–3,2.1,West Ham,,Tottenham Hotspur Stadium,Paul Tierney,Match Report,
49,5.0,Sun,2020-10-18,19:15,Leicester City,0.5,0–1,0.6,Aston Villa,,King Power Stadium,Jonathan Moss,Match Report,
50,5.0,Mon,2020-10-19,17:30,West Brom,1.0,0–0,1.1,Burnley,,The Hawthorns,Anthony Taylor,Match Report,
51,5.0,Mon,2020-10-19,20:00,Leeds United,1.6,0–1,0.5,Wolves,,Elland Road,David Coote,Match Report,
52,,,,,,,,,,,,,,
53,6.0,Fri,2020-10-23,20:00,Aston Villa,1.2,0–3,3.6,Leeds United,,Villa Park,Paul Tierney,Match Report,
54,6.0,Sat,2020-10-24,12:30,West Ham,0.5,1–1,1.1,Manchester City,,London Stadium,Anthony Taylor,Match Report,
55,6.0,Sat,2020-10-24,15:00,Fulham,1.1,1–2,2.6,Crystal Palace,,Craven Cottage,Graham Scott,Match Report,
56,6.0,Sat,2020-10-24,17:30,Manchester Utd,0.7,0–0,0.2,Chelsea,,Old Trafford,Martin Atkinson,Match Report,
57,6.0,Sat,2020-10-24,20:00,Liverpool,2.5,2–1,1.5,Sheffield Utd,,Anfield,Mike Dean,Match Report,
58,6.0,Sun,2020-10-25,14:00,Southampton,0.7,2–0,0.4,Everton,,St. Mary's Stadium,Kevin Friend,Match Report,
59,6.0,Sun,2020-10-25,16:30,Wolves,0.7,1–1,0.2,Newcastle Utd,,Molineux Stadium,Lee Mason,Match Report,
60,6.0,Sun,2020-10-25,19:15,Arsenal,0.9,0–1,1.2,Leicester City,,Emirates Stadium,Craig Pawson,Match Report,
61,6.0,Mon,2020-10-26,17:30,Brighton,0.7,1–1,0.6,West Brom,,The American Express Community Stadium,Jonathan Moss,Match Report,
62,6.0,Mon,2020-10-26,20:00,Burnley,0.6,0–1,0.8,Tottenham,,Turf Moor,Michael Oliver,Match Report,
63,,,,,,,,,,,,,,
64,7.0,Fri,2020-10-30,20:00,Wolves,1.3,2–0,0.6,Crystal Palace,,Molineux Stadium,Martin Atkinson,Match Report,
65,7.0,Sat,2020-10-31,12:30,Sheffield Utd,0.5,0–1,1.5,Manchester City,,Bramall Lane,Michael Oliver,Match Report,
66,7.0,Sat,2020-10-31,15:00,Burnley,0.4,0–3,1.4,Chelsea,,Turf Moor,David Coote,Match Report,
67,7.0,Sat,2020-10-31,17:30,Liverpool,1.8,2–1,0.5,West Ham,,Anfield,Kevin Friend,Match Report,
68,7.0,Sun,2020-11-01,12:00,Aston Villa,1.8,3–4,0.7,Southampton,,Villa Park,Darren England,Match Report,
69,7.0,Sun,2020-11-01,14:00,Newcastle Utd,2.5,2–1,1.2,Everton,,St. James' Park,Stuart Attwell,Match Report,
70,7.0,Sun,2020-11-01,16:30,Manchester Utd,0.3,0–1,1.1,Arsenal,,Old Trafford,Mike Dean,Match Report,
71,7.0,Sun,2020-11-01,19:15,Tottenham,1.8,2–1,0.4,Brighton,,Tottenham Hotspur Stadium,Graham Scott,Match Report,
72,7.0,Mon,2020-11-02,17:30,Fulham,1.5,2–0,0.5,West Brom,,Craven Cottage,Simon Hooper,Match Report,
73,7.0,Mon,2020-11-02,20:00,Leeds United,1.0,1–4,3.5,Leicester City,,Elland Road,Andre Marriner,Match Report,
74,,,,,,,,,,,,,,
75,8.0,Fri,2020-11-06,17:30,Brighton,1.3,0–0,0.3,Burnley,,The American Express Community Stadium,Mike Dean,Match Report,
76,8.0,Fri,2020-11-06,20:00,Southampton,0.9,2–0,0.5,Newcastle Utd,,St. Mary's Stadium,Peter Bankes,Match Report,
77,8.0,Sat,2020-11-07,12:30,Everton,0.6,1–3,1.6,Manchester Utd,,Goodison Park,Paul Tierney,Match Report,
78,8.0,Sat,2020-11-07,15:00,Crystal Palace,0.9,4–1,0.8,Leeds United,,Selhurst Park,Chris Kavanagh,Match Report,
79,8.0,Sat,2020-11-07,17:30,Chelsea,2.7,4–1,0.6,Sheffield Utd,,Stamford Bridge,Jonathan Moss,Match Report,
80,8.0,Sat,2020-11-07,20:00,West Ham,1.3,1–0,1.6,Fulham,,London Stadium,Robert Jones,Match Report,
81,8.0,Sun,2020-11-08,12:00,West Brom,0.8,0–1,1.6,Tottenham,,The Hawthorns,Andy Madley,Match Report,
82,8.0,Sun,2020-11-08,14:00,Leicester City,1.9,1–0,0.5,Wolves,,King Power Stadium,Anthony Taylor,Match Report,
83,8.0,Sun,2020-11-08,16:30,Manchester City,1.6,1–1,1.4,Liverpool,,Etihad Stadium,Craig Pawson,Match Report,
84,8.0,Sun,2020-11-08,19:15,Arsenal,1.5,0–3,1.7,Aston Villa,,Emirates Stadium,Martin Atkinson,Match Report,
85,,,,,,,,,,,,,,
86,9.0,Sat,2020-11-21,12:30,Newcastle Utd,0.6,0–2,1.6,Chelsea,,St. James' Park,Craig Pawson,Match Report,
87,9.0,Sat,2020-11-21,15:00,Aston Villa,1.5,1–2,1.3,Brighton,,Villa Park,Michael Oliver,Match Report,
88,9.0,Sat,2020-11-21,17:30,Tottenham,0.7,2–0,1.3,Manchester City,,Tottenham Hotspur Stadium,Mike Dean,Match Report,
89,9.0,Sat,2020-11-21,20:00,Manchester Utd,2.5,1–0,0.6,West Brom,,Old Trafford,David Coote,Match Report,
90,9.0,Sun,2020-11-22,12:00,Fulham,2.0,2–3,1.6,Everton,,Craven Cottage,Andy Madley,Match Report,
91,9.0,Sun,2020-11-22,14:00,Sheffield Utd,0.7,0–1,2.2,West Ham,,Bramall Lane,Martin Atkinson,Match Report,
92,9.0,Sun,2020-11-22,16:30,Leeds United,2.5,0–0,0.9,Arsenal,,Elland Road,Anthony Taylor,Match Report,
93,9.0,Sun,2020-11-22,19:15,Liverpool,3.7,3–0,1.3,Leicester City,,Anfield,Chris Kavanagh,Match Report,
94,9.0,Mon,2020-11-23,17:30,Burnley,1.6,1–0,1.4,Crystal Palace,,Turf Moor,Kevin Friend,Match Report,
95,9.0,Mon,2020-11-23,20:00,Wolves,1.9,1–1,1.5,Southampton,,Molineux Stadium,Andre Marriner,Match Report,
96,,,,,,,,,,,,,,
97,10.0,Fri,2020-11-27,20:00,Crystal Palace,1.0,0–2,1.5,Newcastle Utd,,Selhurst Park,Graham Scott,Match Report,
98,10.0,Sat,2020-11-28,12:30,Brighton,2.1,1–1,0.5,Liverpool,,The American Express Community Stadium,Stuart Attwell,Match Report,
99,10.0,Sat,2020-11-28,15:00,Manchester City,2.8,5–0,0.4,Burnley,,Etihad Stadium,Lee Mason,Match Report,
100,10.0,Sat,2020-11-28,17:30,Everton,1.6,0–1,2.9,Leeds United,,Goodison Park,Chris Kavanagh,Match Report,
101,10.0,Sat,2020-11-28,20:00,West Brom,1.3,1–0,2.7,Sheffield Utd,,The Hawthorns,Mike Dean,Match Report,
102,10.0,Sun,2020-11-29,14:00,Southampton,0.4,2–3,2.3,Manchester Utd,,St. Mary's Stadium,Jonathan Moss,Match Report,
103,10.0,Sun,2020-11-29,16:30,Chelsea,1.0,0–0,0.2,Tottenham,,Stamford Bridge,Paul Tierney,Match Report,
104,10.0,Sun,2020-11-29,19:15,Arsenal,1.2,1–2,1.4,Wolves,,Emirates Stadium,Michael Oliver,Match Report,
105,10.0,Mon,2020-11-30,17:30,Leicester City,0.9,1–2,1.8,Fulham,,King Power Stadium,Simon Hooper,Match Report,
106,10.0,Mon,2020-11-30,20:00,West Ham,0.6,2–1,2.6,Aston Villa,,London Stadium,Peter Bankes,Match Report,
107,,,,,,,,,,,,,,
108,11.0,Sat,2020-12-05,12:30,Burnley,0.8,1–1,1.7,Everton,,Turf Moor,Anthony Taylor,Match Report,
109,11.0,Sat,2020-12-05,15:00,Manchester City,3.0,2–0,0.2,Fulham,,Etihad Stadium,Jonathan Moss,Match Report,
110,11.0,Sat,2020-12-05,17:30,West Ham,2.2,1–3,1.9,Manchester Utd,2000.0,London Stadium,Andre Marriner,Match Report,
111,11.0,Sat,2020-12-05,20:00,Chelsea,3.7,3–1,1.3,Leeds United,2000.0,Stamford Bridge,Kevin Friend,Match Report,
112,11.0,Sun,2020-12-06,12:00,West Brom,0.8,1–5,1.8,Crystal Palace,,The Hawthorns,Paul Tierney,Match Report,
113,11.0,Sun,2020-12-06,14:15,Sheffield Utd,0.3,1–2,1.5,Leicester City,,Bramall Lane,Stuart Attwell,Match Report,
114,11.0,Sun,2020-12-06,16:30,Tottenham,0.5,2–0,0.8,Arsenal,2000.0,Tottenham Hotspur Stadium,Martin Atkinson,Match Report,
115,11.0,Sun,2020-12-06,19:15,Liverpool,1.2,4–0,0.5,Wolves,2000.0,Anfield,Craig Pawson,Match Report,
116,11.0,Mon,2020-12-07,20:00,Brighton,2.1,1–2,1.1,Southampton,2000.0,The American Express Community Stadium,David Coote,Match Report,
117,,,,,,,,,,,,,,
118,12.0,Fri,2020-12-11,20:00,Leeds United,1.8,1–2,1.9,West Ham,,Elland Road,Michael Oliver,Match Report,
119,12.0,Sat,2020-12-12,12:30,Wolves,1.2,0–1,1.1,Aston Villa,,Molineux Stadium,Mike Dean,Match Report,
120,12.0,Sat,2020-12-12,15:00,Newcastle Utd,1.1,2–1,0.6,West Brom,,St. James' Park,Darren England,Match Report,
121,12.0,Sat,2020-12-12,17:30,Manchester Utd,1.0,0–0,1.2,Manchester City,,Old Trafford,Chris Kavanagh,Match Report,
122,12.0,Sat,2020-12-12,20:00,Everton,1.3,1–0,0.9,Chelsea,2000.0,Goodison Park,Jonathan Moss,Match Report,
123,12.0,Sun,2020-12-13,12:00,Southampton,1.4,3–0,0.4,Sheffield Utd,2000.0,St. Mary's Stadium,Andy Madley,Match Report,
124,12.0,Sun,2020-12-13,14:15,Crystal Palace,1.2,1–1,1.1,Tottenham,2000.0,Selhurst Park,Kevin Friend,Match Report,
125,12.0,Sun,2020-12-13,16:30,Fulham,1.5,1–1,2.1,Liverpool,2000.0,Craven Cottage,Andre Marriner,Match Report,
126,12.0,Sun,2020-12-13,19:15,Arsenal,1.5,0–1,0.9,Burnley,2000.0,Emirates Stadium,Graham Scott,Match Report,
127,12.0,Sun,2020-12-13,19:15,Leicester City,1.7,3–0,1.1,Brighton,,King Power Stadium,Martin Atkinson,Match Report,
128,,,,,,,,,,,,,,
129,13.0,Tue,2020-12-15,18:00,Wolves,0.5,2–1,1.3,Chelsea,,Molineux Stadium,Stuart Attwell,Match Report,
130,13.0,Tue,2020-12-15,20:00,Manchester City,1.9,1–1,0.3,West Brom,,Etihad Stadium,Peter Bankes,Match Report,
131,13.0,Wed,2020-12-16,18:00,Arsenal,0.7,1–1,1.1,Southampton,,Emirates Stadium,Paul Tierney,Match Report,
132,13.0,Wed,2020-12-16,18:00,Leicester City,0.7,0–2,1.2,Everton,,King Power Stadium,Lee Mason,Match Report,
133,13.0,Wed,2020-12-16,18:00,Leeds United,2.8,5–2,0.9,Newcastle Utd,,Elland Road,Simon Hooper,Match Report,
134,13.0,Wed,2020-12-16,20:00,West Ham,0.3,1–1,0.9,Crystal Palace,,London Stadium,David Coote,Match Report,
135,13.0,Wed,2020-12-16,20:00,Fulham,0.8,0–0,0.6,Brighton,,Craven Cottage,Robert Jones,Match Report,
136,13.0,Wed,2020-12-16,20:00,Liverpool,1.2,2–1,1.3,Tottenham,2000.0,Anfield,Anthony Taylor,Match Report,
137,13.0,Thu,2020-12-17,18:00,Aston Villa,2.0,0–0,0.4,Burnley,,Villa Park,Craig Pawson,Match Report,
138,13.0,Thu,2020-12-17,20:00,Sheffield Utd,1.6,2–3,2.0,Manchester Utd,,Bramall Lane,Michael Oliver,Match Report,
139,,,,,,,,,,,,,,
140,14.0,Sat,2020-12-19,12:30,Crystal Palace,0.3,0–7,2.1,Liverpool,,Selhurst Park,Jonathan Moss,Match Report,
141,14.0,Sat,2020-12-19,15:00,Southampton,1.0,0–1,1.1,Manchester City,,St. Mary's Stadium,Mike Dean,Match Report,
142,14.0,Sat,2020-12-19,17:30,Everton,0.8,2–1,1.4,Arsenal,,Goodison Park,Andre Marriner,Match Report,
143,14.0,Sat,2020-12-19,20:00,Newcastle Utd,1.4,1–1,0.7,Fulham,,St. James' Park,Graham Scott,Match Report,
144,14.0,Sun,2020-12-20,12:00,Brighton,2.6,1–1,0.7,Sheffield Utd,,The American Express Community Stadium,Peter Bankes,Match Report,
145,14.0,Sun,2020-12-20,14:15,Tottenham,1.1,0–2,1.5,Leicester City,,Tottenham Hotspur Stadium,Craig Pawson,Match Report,
146,14.0,Sun,2020-12-20,16:30,Manchester Utd,4.0,6–2,1.7,Leeds United,,Old Trafford,Anthony Taylor,Match Report,
147,14.0,Sun,2020-12-20,19:15,West Brom,0.0,0–3,2.3,Aston Villa,,The Hawthorns,Martin Atkinson,Match Report,
148,14.0,Mon,2020-12-21,17:30,Burnley,1.8,2–1,1.4,Wolves,,Turf Moor,Lee Mason,Match Report,
149,14.0,Mon,2020-12-21,20:00,Chelsea,2.1,3–0,0.5,West Ham,,Stamford Bridge,Chris Kavanagh,Match Report,
150,,,,,,,,,,,,,,
151,15.0,Sat,2020-12-26,12:30,Leicester City,1.2,2–2,2.2,Manchester Utd,,King Power Stadium,Mike Dean,Match Report,
152,15.0,Sat,2020-12-26,15:00,Fulham,0.9,0–0,0.1,Southampton,,Craven Cottage,Darren England,Match Report,
153,15.0,Sat,2020-12-26,15:00,Aston Villa,3.5,3–0,1.1,Crystal Palace,,Villa Park,Anthony Taylor,Match Report,
154,15.0,Sat,2020-12-26,17:30,Arsenal,2.1,3–1,2.3,Chelsea,,Emirates Stadium,Michael Oliver,Match Report,
155,15.0,Sat,2020-12-26,20:00,Sheffield Utd,1.2,0–1,0.7,Everton,,Bramall Lane,David Coote,Match Report,
156,15.0,Sat,2020-12-26,20:00,Manchester City,1.8,2–0,0.3,Newcastle Utd,,Etihad Stadium,Andre Marriner,Match Report,
157,15.0,Sun,2020-12-27,12:00,Leeds United,1.8,1–0,1.1,Burnley,,Elland Road,Robert Jones,Match Report,
158,15.0,Sun,2020-12-27,14:15,West Ham,1.2,2–2,1.2,Brighton,,London Stadium,Simon Hooper,Match Report,
159,15.0,Sun,2020-12-27,16:30,Liverpool,1.6,1–1,0.5,West Brom,2000.0,Anfield,Kevin Friend,Match Report,
160,15.0,Sun,2020-12-27,19:15,Wolves,1.0,1–1,0.4,Tottenham,,Molineux Stadium,Paul Tierney,Match Report,
161,,,,,,,,,,,,,,
162,16.0,Mon,2020-12-28,15:00,Crystal Palace,0.5,1–1,1.8,Leicester City,,Selhurst Park,Graham Scott,Match Report,
163,16.0,Mon,2020-12-28,17:30,Chelsea,1.4,1–1,0.8,Aston Villa,,Stamford Bridge,Stuart Attwell,Match Report,
164,16.0,Tue,2020-12-29,18:00,Southampton,0.5,0–0,0.9,West Ham,,St. Mary's Stadium,Andy Madley,Match Report,
165,16.0,Tue,2020-12-29,18:00,West Brom,0.6,0–5,0.9,Leeds United,,The Hawthorns,Lee Mason,Match Report,
166,16.0,Tue,2020-12-29,18:00,Brighton,0.8,0–1,1.2,Arsenal,,The American Express Community Stadium,Martin Atkinson,Match Report,
167,16.0,Tue,2020-12-29,18:00,Burnley,0.8,1–0,0.4,Sheffield Utd,,Turf Moor,Chris Kavanagh,Match Report,
168,16.0,Tue,2020-12-29,20:00,Manchester Utd,1.3,1–0,0.4,Wolves,,Old Trafford,Jonathan Moss,Match Report,
169,16.0,Wed,2020-12-30,20:00,Newcastle Utd,0.3,0–0,1.1,Liverpool,,St. James' Park,Paul Tierney,Match Report,
170,,,,,,,,,,,,,,
171,17.0,Fri,2021-01-01,17:30,Everton,0.3,0–1,1.3,West Ham,,Goodison Park,Kevin Friend,Match Report,
172,17.0,Fri,2021-01-01,20:00,Manchester Utd,1.9,2–1,1.6,Aston Villa,,Old Trafford,Michael Oliver,Match Report,
173,17.0,Sat,2021-01-02,12:30,Tottenham,2.6,3–0,1.0,Leeds United,,Tottenham Hotspur Stadium,David Coote,Match Report,
174,17.0,Sat,2021-01-02,15:00,Crystal Palace,0.6,2–0,0.3,Sheffield Utd,,Selhurst Park,Stuart Attwell,Match Report,
175,17.0,Sat,2021-01-02,17:30,Brighton,1.7,3–3,1.7,Wolves,,The American Express Community Stadium,Andy Madley,Match Report,
176,17.0,Sat,2021-01-02,20:00,West Brom,0.4,0–4,3.3,Arsenal,,The Hawthorns,Martin Atkinson,Match Report,
177,17.0,Sun,2021-01-03,14:15,Newcastle Utd,0.2,1–2,0.9,Leicester City,,St. James' Park,Robert Jones,Match Report,
178,17.0,Sun,2021-01-03,16:30,Chelsea,0.8,1–3,2.4,Manchester City,,Stamford Bridge,Anthony Taylor,Match Report,
179,17.0,Mon,2021-01-04,20:00,Southampton,0.6,1–0,1.1,Liverpool,,St. Mary's Stadium,Andre Marriner,Match Report,
180,,,,,,,,,,,,,,
181,18.0,Tue,2021-01-12,18:00,Sheffield Utd,1.8,1–0,0.5,Newcastle Utd,,Bramall Lane,Andy Madley,Match Report,
182,,,,,,,,,,,,,,
183,1.0,Tue,2021-01-12,20:15,Burnley,0.9,0–1,1.2,Manchester Utd,,Turf Moor,Kevin Friend,Match Report,
184,,,,,,,,,,,,,,
185,18.0,Tue,2021-01-12,20:15,Wolves,1.0,1–2,0.6,Everton,,Molineux Stadium,Martin Atkinson,Match Report,
186,18.0,Wed,2021-01-13,18:00,Manchester City,2.6,1–0,0.2,Brighton,,Etihad Stadium,Darren England,Match Report,
187,,,,,,,,,,,,,,
188,16.0,Wed,2021-01-13,20:15,Tottenham,2.3,1–1,0.9,Fulham,,Tottenham Hotspur Stadium,Paul Tierney,Match Report,
189,,,,,,,,,,,,,,
190,18.0,Thu,2021-01-14,20:00,Arsenal,0.6,0–0,0.9,Crystal Palace,,Emirates Stadium,Andre Marriner,Match Report,
191,,,,,,,,,,,,,,
192,19.0,Sat,2021-01-16,12:30,Wolves,2.2,2–3,2.3,West Brom,,Molineux Stadium,Michael Oliver,Match Report,
193,19.0,Sat,2021-01-16,15:00,Leeds United,0.3,0–1,1.3,Brighton,,Elland Road,Kevin Friend,Match Report,
194,19.0,Sat,2021-01-16,15:00,West Ham,1.7,1–0,0.5,Burnley,,London Stadium,Chris Kavanagh,Match Report,
195,19.0,Sat,2021-01-16,17:30,Fulham,0.8,0–1,1.5,Chelsea,,Craven Cottage,Peter Bankes,Match Report,
196,19.0,Sat,2021-01-16,20:00,Leicester City,2.1,2–0,0.8,Southampton,,King Power Stadium,Stuart Attwell,Match Report,
197,19.0,Sun,2021-01-17,14:00,Sheffield Utd,0.7,1–3,1.2,Tottenham,,Bramall Lane,Andre Marriner,Match Report,
198,19.0,Sun,2021-01-17,16:30,Liverpool,1.7,0–0,0.9,Manchester Utd,,Anfield,Paul Tierney,Match Report,
199,19.0,Sun,2021-01-17,19:15,Manchester City,0.9,4–0,0.0,Crystal Palace,,Etihad Stadium,Lee Mason,Match Report,
200,19.0,Mon,2021-01-18,20:00,Arsenal,2.8,3–0,0.2,Newcastle Utd,,Emirates Stadium,David Coote,Match Report,
201,,,,,,,,,,,,,,
202,18.0,Tue,2021-01-19,18:00,West Ham,1.3,2–1,0.4,West Brom,,London Stadium,Graham Scott,Match Report,
203,18.0,Tue,2021-01-19,20:15,Leicester City,1.2,2–0,0.8,Chelsea,,King Power Stadium,Craig Pawson,Match Report,
204,,,,,,,,,,,,,,
205,1.0,Wed,2021-01-20,18:00,Manchester City,4.3,2–0,0.8,Aston Villa,,Etihad Stadium,Jonathan Moss,Match Report,
206,,,,,,,,,,,,,,
207,18.0,Wed,2021-01-20,20:15,Fulham,0.9,1–2,1.2,Manchester Utd,,Craven Cottage,Martin Atkinson,Match Report,
208,18.0,Thu,2021-01-21,20:00,Liverpool,2.3,0–1,1.4,Burnley,,Anfield,Mike Dean,Match Report,
209,,,,,,,,,,,,,,
210,11.0,Sat,2021-01-23,20:00,Aston Villa,1.8,2–0,0.6,Newcastle Utd,,Villa Park,Simon Hooper,Match Report,
211,,,,,,,,,,,,,,
212,20.0,Tue,2021-01-26,18:00,Newcastle Utd,1.4,1–2,0.9,Leeds United,,St. James' Park,Anthony Taylor,Match Report,
213,20.0,Tue,2021-01-26,18:00,Crystal Palace,0.5,2–3,3.0,West Ham,,Selhurst Park,Stuart Attwell,Match Report,
214,20.0,Tue,2021-01-26,20:15,West Brom,0.4,0–5,2.0,Manchester City,,The Hawthorns,Chris Kavanagh,Match Report,
215,20.0,Tue,2021-01-26,20:15,Southampton,1.2,1–3,2.0,Arsenal,,St. Mary's Stadium,Kevin Friend,Match Report,
216,20.0,Wed,2021-01-27,18:00,Burnley,0.5,3–2,2.1,Aston Villa,,Turf Moor,Paul Tierney,Match Report,
217,20.0,Wed,2021-01-27,18:00,Chelsea,0.8,0–0,0.4,Wolves,,Stamford Bridge,Andy Madley,Match Report,
218,20.0,Wed,2021-01-27,19:30,Brighton,2.0,0–0,1.0,Fulham,,The American Express Community Stadium,Craig Pawson,Match Report,
219,20.0,Wed,2021-01-27,20:15,Manchester Utd,1.7,1–2,1.0,Sheffield Utd,,Old Trafford,Peter Bankes,Match Report,
220,20.0,Wed,2021-01-27,20:15,Everton,0.6,1–1,1.1,Leicester City,,Goodison Park,Mike Dean,Match Report,
221,20.0,Thu,2021-01-28,20:00,Tottenham,0.2,1–3,2.1,Liverpool,,Tottenham Hotspur Stadium,Martin Atkinson,Match Report,
222,,,,,,,,,,,,,,
223,21.0,Sat,2021-01-30,12:30,Everton,1.0,0–2,1.8,Newcastle Utd,,Goodison Park,Stuart Attwell,Match Report,
224,21.0,Sat,2021-01-30,15:00,Manchester City,1.2,1–0,0.2,Sheffield Utd,,Etihad Stadium,David Coote,Match Report,
225,21.0,Sat,2021-01-30,15:00,West Brom,0.6,2–2,1.8,Fulham,,The Hawthorns,Anthony Taylor,Match Report,
226,21.0,Sat,2021-01-30,15:00,Crystal Palace,0.8,1–0,0.4,Wolves,,Selhurst Park,Simon Hooper,Match Report,
227,21.0,Sat,2021-01-30,17:30,Arsenal,1.1,0–0,1.5,Manchester Utd,,Emirates Stadium,Michael Oliver,Match Report,
228,21.0,Sat,2021-01-30,20:00,Southampton,1.7,0–1,0.5,Aston Villa,,St. Mary's Stadium,Lee Mason,Match Report,
229,21.0,Sun,2021-01-31,12:00,Chelsea,1.3,2–0,0.2,Burnley,,Stamford Bridge,Graham Scott,Match Report,
230,21.0,Sun,2021-01-31,14:00,Leicester City,1.9,1–3,1.8,Leeds United,,King Power Stadium,Chris Kavanagh,Match Report,
231,21.0,Sun,2021-01-31,16:30,West Ham,1.0,1–3,1.9,Liverpool,,London Stadium,Jonathan Moss,Match Report,
232,21.0,Sun,2021-01-31,19:15,Brighton,1.9,1–0,0.5,Tottenham,,The American Express Community Stadium,Peter Bankes,Match Report,
233,,,,,,,,,,,,,,
234,22.0,Tue,2021-02-02,18:00,Sheffield Utd,1.1,2–1,1.5,West Brom,,Bramall Lane,Paul Tierney,Match Report,
235,22.0,Tue,2021-02-02,18:00,Wolves,1.5,2–1,0.6,Arsenal,,Molineux Stadium,Craig Pawson,Match Report,
236,22.0,Tue,2021-02-02,20:15,Newcastle Utd,1.8,1–2,0.9,Crystal Palace,,St. James' Park,Darren England,Match Report,
237,22.0,Tue,2021-02-02,20:15,Manchester Utd,3.7,9–0,0.5,Southampton,,Old Trafford,Mike Dean,Match Report,
238,22.0,Wed,2021-02-03,18:00,Burnley,0.1,0–2,2.6,Manchester City,,Turf Moor,Martin Atkinson,Match Report,
239,22.0,Wed,2021-02-03,18:00,Fulham,0.7,0–2,1.1,Leicester City,,Craven Cottage,Robert Jones,Match Report,
240,22.0,Wed,2021-02-03,19:30,Leeds United,0.9,1–2,1.8,Everton,,Elland Road,Michael Oliver,Match Report,
241,22.0,Wed,2021-02-03,20:15,Liverpool,0.7,0–1,1.1,Brighton,,Anfield,Kevin Friend,Match Report,
242,22.0,Wed,2021-02-03,20:15,Aston Villa,0.7,1–3,1.5,West Ham,,Villa Park,Andy Madley,Match Report,
243,22.0,Thu,2021-02-04,20:00,Tottenham,0.3,0–1,2.2,Chelsea,,Tottenham Hotspur Stadium,Andre Marriner,Match Report,
244,,,,,,,,,,,,,,
245,23.0,Sat,2021-02-06,12:30,Aston Villa,1.1,1–0,1.1,Arsenal,,Villa Park,Chris Kavanagh,Match Report,
246,23.0,Sat,2021-02-06,15:00,Newcastle Utd,0.8,3–2,1.4,Southampton,,St. James' Park,Craig Pawson,Match Report,
247,23.0,Sat,2021-02-06,15:00,Burnley,2.1,1–1,0.6,Brighton,,Turf Moor,Anthony Taylor,Match Report,
248,23.0,Sat,2021-02-06,17:30,Fulham,1.4,0–0,0.8,West Ham,,Craven Cottage,Mike Dean,Match Report,
249,23.0,Sat,2021-02-06,20:00,Manchester Utd,1.4,3–3,1.1,Everton,,Old Trafford,Jonathan Moss,Match Report,
250,23.0,Sun,2021-02-07,12:00,Tottenham,1.5,2–0,0.4,West Brom,,Tottenham Hotspur Stadium,Stuart Attwell,Match Report,
251,23.0,Sun,2021-02-07,14:00,Wolves,1.9,0–0,0.7,Leicester City,,Molineux Stadium,Martin Atkinson,Match Report,
252,23.0,Sun,2021-02-07,16:30,Liverpool,1.3,1–4,3.1,Manchester City,,Anfield,Michael Oliver,Match Report,
253,23.0,Sun,2021-02-07,19:15,Sheffield Utd,0.4,1–2,1.4,Chelsea,,Bramall Lane,Kevin Friend,Match Report,
254,23.0,Mon,2021-02-08,20:00,Leeds United,2.8,2–0,0.5,Crystal Palace,,Elland Road,Andre Marriner,Match Report,
255,,,,,,,,,,,,,,
256,24.0,Sat,2021-02-13,12:30,Leicester City,2.6,3–1,1.8,Liverpool,,King Power Stadium,Anthony Taylor,Match Report,
257,24.0,Sat,2021-02-13,15:00,Crystal Palace,0.6,0–3,1.3,Burnley,,Selhurst Park,Michael Oliver,Match Report,
258,24.0,Sat,2021-02-13,17:30,Manchester City,2.9,3–0,0.6,Tottenham,,Etihad Stadium,Paul Tierney,Match Report,
259,24.0,Sat,2021-02-13,20:00,Brighton,1.7,0–0,0.1,Aston Villa,,The American Express Community Stadium,Darren England,Match Report,
260,24.0,Sun,2021-02-14,12:00,Southampton,0.7,1–2,1.1,Wolves,,St. Mary's Stadium,Graham Scott,Match Report,
261,24.0,Sun,2021-02-14,14:00,West Brom,1.1,1–1,0.4,Manchester Utd,,The Hawthorns,Craig Pawson,Match Report,
262,24.0,Sun,2021-02-14,16:30,Arsenal,2.4,4–2,0.7,Leeds United,,Emirates Stadium,Stuart Attwell,Match Report,
263,24.0,Sun,2021-02-14,19:00,Everton,0.4,0–2,2.7,Fulham,,Goodison Park,Andy Madley,Match Report,
264,24.0,Mon,2021-02-15,18:00,West Ham,1.9,3–0,0.7,Sheffield Utd,,London Stadium,Simon Hooper,Match Report,
265,24.0,Mon,2021-02-15,20:00,Chelsea,2.0,2–0,0.7,Newcastle Utd,,Stamford Bridge,Peter Bankes,Match Report,
266,,,,,,,,,,,,,,
267,17.0,Wed,2021-02-17,18:00,Burnley,1.4,1–1,0.5,Fulham,,Turf Moor,Jonathan Moss,Match Report,
268,,,,,,,,,,,,,,
269,16.0,Wed,2021-02-17,20:15,Everton,1.0,1–3,1.5,Manchester City,,Goodison Park,Andre Marriner,Match Report,
270,,,,,,,,,,,,,,
271,25.0,Fri,2021-02-19,20:00,Wolves,0.8,1–0,1.4,Leeds United,,Molineux Stadium,David Coote,Match Report,
272,25.0,Sat,2021-02-20,12:30,Southampton,0.5,1–1,1.2,Chelsea,,St. Mary's Stadium,Anthony Taylor,Match Report,
273,25.0,Sat,2021-02-20,15:00,Burnley,0.4,0–0,1.0,West Brom,,Turf Moor,Mike Dean,Match Report,
274,25.0,Sat,2021-02-20,17:30,Liverpool,1.7,0–2,1.5,Everton,,Anfield,Chris Kavanagh,Match Report,
275,25.0,Sat,2021-02-20,20:00,Fulham,1.1,1–0,0.5,Sheffield Utd,,Craven Cottage,Martin Atkinson,Match Report,
276,25.0,Sun,2021-02-21,12:00,West Ham,1.1,2–1,1.2,Tottenham,,London Stadium,Craig Pawson,Match Report,
277,25.0,Sun,2021-02-21,14:05,Aston Villa,1.2,1–2,1.2,Leicester City,,Villa Park,Michael Oliver,Match Report,
278,25.0,Sun,2021-02-21,16:30,Arsenal,0.3,0–1,2.0,Manchester City,,Emirates Stadium,Jonathan Moss,Match Report,
279,25.0,Sun,2021-02-21,19:00,Manchester Utd,1.8,3–1,0.5,Newcastle Utd,,Old Trafford,Paul Tierney,Match Report,
280,25.0,Mon,2021-02-22,20:00,Brighton,2.6,1–2,0.2,Crystal Palace,,The American Express Community Stadium,Kevin Friend,Match Report,
281,,,,,,,,,,,,,,
282,18.0,Tue,2021-02-23,18:00,Leeds United,1.3,3–0,0.7,Southampton,,Elland Road,Andre Marriner,Match Report,
283,,,,,,,,,,,,,,
284,26.0,Sat,2021-02-27,12:30,Manchester City,0.6,2–1,1.6,West Ham,,Etihad Stadium,Michael Oliver,Match Report,
285,26.0,Sat,2021-02-27,15:00,West Brom,0.5,1–0,2.6,Brighton,,The Hawthorns,Lee Mason,Match Report,
286,26.0,Sat,2021-02-27,17:30,Leeds United,0.7,0–1,0.9,Aston Villa,,Elland Road,Peter Bankes,Match Report,
287,26.0,Sat,2021-02-27,20:00,Newcastle Utd,1.5,1–1,1.0,Wolves,,St. James' Park,Mike Dean,Match Report,
288,26.0,Sun,2021-02-28,12:00,Crystal Palace,0.1,0–0,1.0,Fulham,,Selhurst Park,Anthony Taylor,Match Report,
289,26.0,Sun,2021-02-28,12:00,Leicester City,0.5,1–3,2.2,Arsenal,,King Power Stadium,Paul Tierney,Match Report,
290,26.0,Sun,2021-02-28,14:00,Tottenham,2.2,4–0,0.5,Burnley,,Tottenham Hotspur Stadium,Kevin Friend,Match Report,
291,26.0,Sun,2021-02-28,16:30,Chelsea,1.1,0–0,0.5,Manchester Utd,,Stamford Bridge,Stuart Attwell,Match Report,
292,26.0,Sun,2021-02-28,19:15,Sheffield Utd,0.6,0–2,2.9,Liverpool,,Bramall Lane,Jonathan Moss,Match Report,
293,26.0,Mon,2021-03-01,20:00,Everton,1.6,1–0,1.0,Southampton,,Goodison Park,Martin Atkinson,Match Report,
294,,,,,,,,,,,,,,
295,29.0,Tue,2021-03-02,20:00,Manchester City,2.3,4–1,0.4,Wolves,,Etihad Stadium,Chris Kavanagh,Match Report,
296,29.0,Wed,2021-03-03,18:00,Sheffield Utd,1.0,1–0,1.6,Aston Villa,,Bramall Lane,Robert Jones,Match Report,
297,29.0,Wed,2021-03-03,18:00,Burnley,1.5,1–1,1.3,Leicester City,,Turf Moor,Andy Madley,Match Report,
298,29.0,Wed,2021-03-03,20:15,Crystal Palace,0.8,0–0,0.9,Manchester Utd,,Selhurst Park,Andre Marriner,Match Report,
299,29.0,Thu,2021-03-04,18:00,West Brom,1.0,0–1,1.2,Everton,,The Hawthorns,Darren England,Match Report,
300,,,,,,,,,,,,,,
301,33.0,Thu,2021-03-04,18:00,Fulham,0.8,0–1,1.4,Tottenham,,Craven Cottage,David Coote,Match Report,
302,,,,,,,,,,,,,,
303,29.0,Thu,2021-03-04,20:15,Liverpool,0.3,0–1,1.0,Chelsea,,Anfield,Martin Atkinson,Match Report,
304,,,,,,,,,,,,,,
305,27.0,Sat,2021-03-06,12:30,Burnley,1.5,1–1,2.4,Arsenal,,Turf Moor,Andre Marriner,Match Report,
306,27.0,Sat,2021-03-06,15:00,Sheffield Utd,0.7,0–2,1.6,Southampton,,Bramall Lane,Paul Tierney,Match Report,
307,27.0,Sat,2021-03-06,17:30,Aston Villa,0.6,0–0,1.7,Wolves,,Villa Park,Andy Madley,Match Report,
308,27.0,Sat,2021-03-06,20:00,Brighton,1.0,1–2,1.1,Leicester City,,The American Express Community Stadium,Michael Oliver,Match Report,
309,27.0,Sun,2021-03-07,12:00,West Brom,1.0,0–0,0.4,Newcastle Utd,,The Hawthorns,Martin Atkinson,Match Report,
310,27.0,Sun,2021-03-07,14:00,Liverpool,1.0,0–1,1.1,Fulham,,Anfield,Kevin Friend,Match Report,
311,27.0,Sun,2021-03-07,16:30,Manchester City,1.5,0–2,1.6,Manchester Utd,,Etihad Stadium,Anthony Taylor,Match Report,
312,27.0,Sun,2021-03-07,19:15,Tottenham,2.7,4–1,0.3,Crystal Palace,,Tottenham Hotspur Stadium,Stuart Attwell,Match Report,
313,27.0,Mon,2021-03-08,18:00,Chelsea,2.9,2–0,0.3,Everton,,Stamford Bridge,David Coote,Match Report,
314,27.0,Mon,2021-03-08,20:00,West Ham,1.9,2–0,1.7,Leeds United,,London Stadium,Mike Dean,Match Report,
315,,,,,,,,,,,,,,
316,33.0,Wed,2021-03-10,18:00,Manchester City,2.7,5–2,1.8,Southampton,,Etihad Stadium,Jonathan Moss,Match Report,
317,,,,,,,,,,,,,,
318,28.0,Fri,2021-03-12,20:00,Newcastle Utd,1.1,1–1,0.7,Aston Villa,,St. James' Park,Paul Tierney,Match Report,
319,28.0,Sat,2021-03-13,12:30,Leeds United,0.4,0–0,1.4,Chelsea,,Elland Road,Kevin Friend,Match Report,
320,28.0,Sat,2021-03-13,15:00,Crystal Palace,1.3,1–0,0.8,West Brom,,Selhurst Park,Simon Hooper,Match Report,
321,28.0,Sat,2021-03-13,17:30,Everton,1.6,1–2,1.4,Burnley,,Goodison Park,Jonathan Moss,Match Report,
322,28.0,Sat,2021-03-13,20:00,Fulham,0.3,0–3,2.3,Manchester City,,Craven Cottage,Andre Marriner,Match Report,
323,28.0,Sun,2021-03-14,12:00,Southampton,1.0,1–2,0.9,Brighton,,St. Mary's Stadium,Stuart Attwell,Match Report,
324,28.0,Sun,2021-03-14,14:00,Leicester City,4.0,5–0,0.1,Sheffield Utd,,King Power Stadium,Peter Bankes,Match Report,
325,28.0,Sun,2021-03-14,16:30,Arsenal,1.7,2–1,0.6,Tottenham,,Emirates Stadium,Michael Oliver,Match Report,
326,28.0,Sun,2021-03-14,19:15,Manchester Utd,1.2,1–0,0.6,West Ham,,Old Trafford,Martin Atkinson,Match Report,
327,28.0,Mon,2021-03-15,20:00,Wolves,0.8,0–1,1.1,Liverpool,,Molineux Stadium,Craig Pawson,Match Report,
328,,,,,,,,,,,,,,
329,29.0,Fri,2021-03-19,20:00,Fulham,1.4,1–2,1.5,Leeds United,,Craven Cottage,David Coote,Match Report,
330,29.0,Sat,2021-03-20,20:00,Brighton,1.2,3–0,0.1,Newcastle Utd,,The American Express Community Stadium,Anthony Taylor,Match Report,
331,29.0,Sun,2021-03-21,15:00,West Ham,2.3,3–3,1.7,Arsenal,,London Stadium,Jonathan Moss,Match Report,
332,,,,,,,,,,,,,,
333,18.0,Sun,2021-03-21,19:30,Aston Villa,0.5,0–2,2.2,Tottenham,,Villa Park,Mike Dean,Match Report,
334,,,,,,,,,,,,,,
335,30.0,Sat,2021-04-03,12:30,Chelsea,2.4,2–5,1.9,West Brom,,Stamford Bridge,David Coote,Match Report,
336,30.0,Sat,2021-04-03,15:00,Leeds United,2.5,2–1,1.0,Sheffield Utd,,Elland Road,Graham Scott,Match Report,
337,30.0,Sat,2021-04-03,17:30,Leicester City,0.4,0–2,2.3,Manchester City,,King Power Stadium,Anthony Taylor,Match Report,
338,30.0,Sat,2021-04-03,20:00,Arsenal,0.3,0–3,2.2,Liverpool,,Emirates Stadium,Stuart Attwell,Match Report,
339,30.0,Sun,2021-04-04,12:00,Southampton,1.9,3–2,1.8,Burnley,,St. Mary's Stadium,Andre Marriner,Match Report,
340,30.0,Sun,2021-04-04,14:05,Newcastle Utd,2.7,2–2,1.7,Tottenham,,St. James' Park,Craig Pawson,Match Report,
341,30.0,Sun,2021-04-04,16:30,Aston Villa,1.6,3–1,1.7,Fulham,,Villa Park,Andy Madley,Match Report,
342,30.0,Sun,2021-04-04,19:30,Manchester Utd,1.8,2–1,1.1,Brighton,,Old Trafford,Mike Dean,Match Report,
343,30.0,Mon,2021-04-05,18:00,Everton,2.7,1–1,0.8,Crystal Palace,,Goodison Park,Kevin Friend,Match Report,
344,30.0,Mon,2021-04-05,20:15,Wolves,2.5,2–3,1.2,West Ham,,Molineux Stadium,Michael Oliver,Match Report,
345,,,,,,,,,,,,,,
346,31.0,Fri,2021-04-09,20:00,Fulham,0.9,0–1,0.4,Wolves,,Craven Cottage,Jonathan Moss,Match Report,
347,31.0,Sat,2021-04-10,12:30,Manchester City,2.4,1–2,0.3,Leeds United,,Etihad Stadium,Andre Marriner,Match Report,
348,31.0,Sat,2021-04-10,15:00,Liverpool,2.5,2–1,1.0,Aston Villa,,Anfield,Paul Tierney,Match Report,
349,31.0,Sat,2021-04-10,17:30,Crystal Palace,0.1,1–4,2.5,Chelsea,,Selhurst Park,Michael Oliver,Match Report,
350,31.0,Sun,2021-04-11,12:00,Burnley,1.8,1–2,1.2,Newcastle Utd,,Turf Moor,Anthony Taylor,Match Report,
351,31.0,Sun,2021-04-11,14:05,West Ham,1.1,3–2,0.9,Leicester City,,London Stadium,Mike Dean,Match Report,
352,31.0,Sun,2021-04-11,16:30,Tottenham,1.0,1–3,1.9,Manchester Utd,,Tottenham Hotspur Stadium,Chris Kavanagh,Match Report,
353,31.0,Sun,2021-04-11,19:00,Sheffield Utd,0.5,0–3,2.2,Arsenal,,Bramall Lane,Peter Bankes,Match Report,
354,31.0,Mon,2021-04-12,18:00,West Brom,2.9,3–0,2.1,Southampton,,The Hawthorns,Simon Hooper,Match Report,
355,31.0,Mon,2021-04-12,20:15,Brighton,1.2,0–0,0.4,Everton,,The American Express Community Stadium,Darren England,Match Report,
356,,,,,,,,,,,,,,
357,32.0,Fri,2021-04-16,20:00,Everton,2.3,2–2,1.2,Tottenham,,Goodison Park,Michael Oliver,Match Report,
358,32.0,Sat,2021-04-17,12:30,Newcastle Utd,1.8,3–2,1.5,West Ham,,St. James' Park,Kevin Friend,Match Report,
359,32.0,Sat,2021-04-17,20:15,Wolves,1.4,1–0,0.5,Sheffield Utd,,Molineux Stadium,Robert Jones,Match Report,
360,32.0,Sun,2021-04-18,13:30,Arsenal,2.9,1–1,0.9,Fulham,,Emirates Stadium,Craig Pawson,Match Report,
361,32.0,Sun,2021-04-18,16:00,Manchester Utd,2.8,3–1,0.4,Burnley,,Old Trafford,Jonathan Moss,Match Report,
362,32.0,Mon,2021-04-19,20:00,Leeds United,1.8,1–1,2.3,Liverpool,,Elland Road,Anthony Taylor,Match Report,
363,32.0,Tue,2021-04-20,20:15,Chelsea,1.0,0–0,0.7,Brighton,,Stamford Bridge,Stuart Attwell,Match Report,
364,,,,,,,,,,,,,,
365,29.0,Wed,2021-04-21,18:00,Tottenham,1.8,2–1,0.8,Southampton,,Tottenham Hotspur Stadium,David Coote,Match Report,
366,,,,,,,,,,,,,,
367,32.0,Wed,2021-04-21,20:15,Aston Villa,0.7,1–2,1.4,Manchester City,,Villa Park,Peter Bankes,Match Report,
368,32.0,Thu,2021-04-22,20:00,Leicester City,2.3,3–0,0.4,West Brom,,King Power Stadium,Andy Madley,Match Report,
369,,,,,,,,,,,,,,
370,33.0,Fri,2021-04-23,20:00,Arsenal,0.9,0–1,0.8,Everton,,Emirates Stadium,Jonathan Moss,Match Report,
371,33.0,Sat,2021-04-24,12:30,Liverpool,1.9,1–1,1.2,Newcastle Utd,,Anfield,Andre Marriner,Match Report,
372,33.0,Sat,2021-04-24,17:30,West Ham,0.4,0–1,2.2,Chelsea,,London Stadium,Chris Kavanagh,Match Report,
373,33.0,Sat,2021-04-24,20:00,Sheffield Utd,0.8,1–0,2.2,Brighton,,Bramall Lane,Kevin Friend,Match Report,
374,33.0,Sun,2021-04-25,12:00,Wolves,0.3,0–4,2.1,Burnley,,Molineux Stadium,Darren England,Match Report,
375,33.0,Sun,2021-04-25,14:00,Leeds United,0.4,0–0,1.3,Manchester Utd,,Elland Road,Craig Pawson,Match Report,
376,33.0,Sun,2021-04-25,19:00,Aston Villa,2.3,2–2,1.4,West Brom,,Villa Park,Stuart Attwell,Match Report,
377,33.0,Mon,2021-04-26,20:00,Leicester City,1.1,2–1,0.6,Crystal Palace,,King Power Stadium,Graham Scott,Match Report,
378,,,,,,,,,,,,,,
379,34.0,Fri,2021-04-30,20:00,Southampton,1.1,1–1,1.7,Leicester City,,St. Mary's Stadium,Robert Jones,Match Report,
380,34.0,Sat,2021-05-01,12:30,Crystal Palace,0.8,0–2,2.1,Manchester City,,Selhurst Park,David Coote,Match Report,
381,34.0,Sat,2021-05-01,15:00,Brighton,2.6,2–0,0.8,Leeds United,,The American Express Community Stadium,Chris Kavanagh,Match Report,
382,34.0,Sat,2021-05-01,17:30,Chelsea,1.9,2–0,0.3,Fulham,,Stamford Bridge,Kevin Friend,Match Report,
383,34.0,Sat,2021-05-01,20:00,Everton,1.2,1–2,1.9,Aston Villa,,Goodison Park,Simon Hooper,Match Report,
384,34.0,Sun,2021-05-02,14:00,Newcastle Utd,0.2,0–2,1.9,Arsenal,,St. James' Park,Mike Dean,Match Report,
385,34.0,Sun,2021-05-02,19:15,Tottenham,2.0,4–0,0.5,Sheffield Utd,,Tottenham Hotspur Stadium,Andre Marriner,Match Report,
386,34.0,Mon,2021-05-03,18:00,West Brom,1.4,1–1,1.4,Wolves,,The Hawthorns,Paul Tierney,Match Report,
387,34.0,Mon,2021-05-03,20:15,Burnley,1.8,1–2,1.8,West Ham,,Turf Moor,Anthony Taylor,Match Report,
388,,,,,,,,,,,,,,
389,35.0,Fri,2021-05-07,20:00,Leicester City,2.3,2–4,2.6,Newcastle Utd,,King Power Stadium,Darren England,Match Report,
390,35.0,Sat,2021-05-08,12:30,Leeds United,2.6,3–1,1.0,Tottenham,,Elland Road,Michael Oliver,Match Report,
391,35.0,Sat,2021-05-08,15:00,Sheffield Utd,0.7,0–2,2.1,Crystal Palace,,Bramall Lane,Simon Hooper,Match Report,
392,35.0,Sat,2021-05-08,17:30,Manchester City,2.2,1–2,0.8,Chelsea,,Etihad Stadium,Anthony Taylor,Match Report,
393,35.0,Sat,2021-05-08,20:15,Liverpool,2.2,2–0,1.3,Southampton,,Anfield,Kevin Friend,Match Report,
394,35.0,Sun,2021-05-09,12:00,Wolves,1.2,2–1,0.4,Brighton,,Molineux Stadium,Jonathan Moss,Match Report,
395,35.0,Sun,2021-05-09,14:05,Aston Villa,0.5,1–3,1.8,Manchester Utd,,Villa Park,Chris Kavanagh,Match Report,
396,35.0,Sun,2021-05-09,16:30,West Ham,1.1,0–1,1.7,Everton,,London Stadium,Stuart Attwell,Match Report,
397,35.0,Sun,2021-05-09,19:00,Arsenal,0.9,3–1,1.3,West Brom,,Emirates Stadium,Peter Bankes,Match Report,
398,35.0,Mon,2021-05-10,20:00,Fulham,0.9,0–2,2.0,Burnley,,Craven Cottage,David Coote,Match Report,
399,,,,,,,,,,,,,,
400,36.0,Tue,2021-05-11,18:00,Manchester Utd,0.4,1–2,0.7,Leicester City,,Old Trafford,Craig Pawson,Match Report,
401,,,,,,,,,,,,,,
402,32.0,Tue,2021-05-11,20:15,Southampton,1.3,3–1,1.5,Crystal Palace,,St. Mary's Stadium,Andy Madley,Match Report,
403,,,,,,,,,,,,,,
404,36.0,Wed,2021-05-12,20:15,Chelsea,2.1,0–1,0.8,Arsenal,,Stamford Bridge,Andre Marriner,Match Report,
405,,,,,,,,,,,,,,
406,19.0,Thu,2021-05-13,18:00,Aston Villa,0.7,0–0,1.1,Everton,,Villa Park,Martin Atkinson,Match Report,
407,,,,,,,,,,,,,,
408,34.0,Thu,2021-05-13,20:15,Manchester Utd,2.0,2–4,2.6,Liverpool,,Old Trafford,Anthony Taylor,Match Report,
409,,,,,,,,,,,,,,
410,36.0,Fri,2021-05-14,20:00,Newcastle Utd,2.2,3–4,1.3,Manchester City,,St. James' Park,Kevin Friend,Match Report,
411,36.0,Sat,2021-05-15,12:30,Burnley,1.5,0–4,2.3,Leeds United,,Turf Moor,Graham Scott,Match Report,
412,36.0,Sat,2021-05-15,15:00,Southampton,1.9,3–1,1.1,Fulham,,St. Mary's Stadium,Craig Pawson,Match Report,
413,36.0,Sat,2021-05-15,20:00,Brighton,0.9,1–1,1.1,West Ham,,The American Express Community Stadium,Andre Marriner,Match Report,
414,36.0,Sun,2021-05-16,12:00,Crystal Palace,1.6,3–2,1.3,Aston Villa,,Selhurst Park,David Coote,Match Report,
415,36.0,Sun,2021-05-16,14:05,Tottenham,3.0,2–0,1.2,Wolves,,Tottenham Hotspur Stadium,Martin Atkinson,Match Report,
416,36.0,Sun,2021-05-16,16:30,West Brom,0.8,1–2,2.4,Liverpool,,The Hawthorns,Mike Dean,Match Report,
417,36.0,Sun,2021-05-16,19:00,Everton,1.3,0–1,1.6,Sheffield Utd,,Goodison Park,Jonathan Moss,Match Report,
418,,,,,,,,,,,,,,
419,37.0,Tue,2021-05-18,18:00,Manchester Utd,1.1,1–1,0.8,Fulham,10000.0,Old Trafford,Lee Mason,Match Report,
420,37.0,Tue,2021-05-18,18:00,Southampton,1.1,0–2,1.3,Leeds United,8000.0,St. Mary's Stadium,Peter Bankes,Match Report,
421,37.0,Tue,2021-05-18,19:00,Brighton,1.4,3–2,1.0,Manchester City,7945.0,The American Express Community Stadium,Stuart Attwell,Match Report,
422,37.0,Tue,2021-05-18,20:15,Chelsea,2.8,2–1,0.9,Leicester City,8000.0,Stamford Bridge,Mike Dean,Match Report,
423,37.0,Wed,2021-05-19,18:00,Tottenham,1.1,1–2,2.0,Aston Villa,10000.0,Tottenham Hotspur Stadium,Craig Pawson,Match Report,
424,37.0,Wed,2021-05-19,18:00,Newcastle Utd,1.5,1–0,0.8,Sheffield Utd,10000.0,St. James' Park,Robert Jones,Match Report,
425,37.0,Wed,2021-05-19,18:00,Everton,0.7,1–0,0.5,Wolves,4988.0,Goodison Park,Andy Madley,Match Report,
426,37.0,Wed,2021-05-19,19:00,Crystal Palace,1.0,1–3,1.3,Arsenal,6500.0,Selhurst Park,Anthony Taylor,Match Report,
427,37.0,Wed,2021-05-19,20:15,Burnley,0.7,0–3,2.9,Liverpool,3387.0,Turf Moor,Chris Kavanagh,Match Report,
428,37.0,Wed,2021-05-19,20:15,West Brom,1.1,1–3,3.7,West Ham,5371.0,The Hawthorns,Michael Oliver,Match Report,
429,,,,,,,,,,,,,,
430,38.0,Sun,2021-05-23,16:00,Wolves,0.9,1–2,1.7,Manchester Utd,4500.0,Molineux Stadium,Mike Dean,Match Report,
431,38.0,Sun,2021-05-23,16:00,Leeds United,2.0,3–1,1.7,West Brom,8000.0,Elland Road,David Coote,Match Report,
432,38.0,Sun,2021-05-23,16:00,Manchester City,2.6,5–0,1.2,Everton,10000.0,Etihad Stadium,Michael Oliver,Match Report,
433,38.0,Sun,2021-05-23,16:00,Leicester City,1.9,2–4,1.9,Tottenham,8000.0,King Power Stadium,Anthony Taylor,Match Report,
434,38.0,Sun,2021-05-23,16:00,Aston Villa,1.0,2–1,2.4,Chelsea,10000.0,Villa Park,Stuart Attwell,Match Report,
435,38.0,Sun,2021-05-23,16:00,West Ham,1.6,3–0,1.5,Southampton,10000.0,London Stadium,Martin Atkinson,Match Report,
436,38.0,Sun,2021-05-23,16:00,Arsenal,1.1,2–0,0.4,Brighton,10000.0,Emirates Stadium,Jonathan Moss,Match Report,
437,38.0,Sun,2021-05-23,16:00,Fulham,0.9,0–2,1.2,Newcastle Utd,2000.0,Craven Cottage,Chris Kavanagh,Match Report,
438,38.0,Sun,2021-05-23,16:00,Sheffield Utd,0.6,1–0,1.0,Burnley,5000.0,Bramall Lane,Kevin Friend,Match Report,
439,38.0,Sun,2021-05-23,16:00,Liverpool,1.8,2–0,0.7,Crystal Palace,9901.0,Anfield,Craig Pawson,Match Report,
